Name,ID,Price,Categories,Stock
Mile1,1,15,MILES,1
Mile2,2,15,MILES,1
Mile3,3,15,MILES,1
Mile4,4,15,MILES,1
Mile5,5,15,MILES,1
Mile6,6,15,MILES,1
Mile7,7,15,MILES,1
Mile8,8,15,MILES,1
Mile9,9,15,MILES,1
Mile10,10,15,MILES,1
Mile11,11,15,MILES,1
Mile12,12,15,MILES,1
Mile13,13,15,MILES,1
Mile14,14,15,MILES,1
Mile15,15,15,MILES,1
Mile16,16,15,MILES,1
Mile17,17,15,MILES,1
Mile18,18,15,MILES,1
Mile19,19,15,MILES,1
Mile20,20,15,MILES,1
Mile21,21,15,MILES,1
Mile22,22,15,MILES,1
Mile23,23,15,MILES,1
Mile24,24,15,MILES,1
Mile25,25,15,MILES,1
Mile26,26,15,MILES,1
Mile27,27,15,MILES,1
Mile28,28,15,MILES,1
Mile29,29,15,MILES,1
Mile30,30,15,MILES,1
Mile31,31,15,MILES,1
Mile32,32,15,MILES,1
Mile33,33,15,MILES,1
Mile34,34,15,MILES,1
Mile35,35,15,MILES,1
Mile36,36,15,MILES,1
Mile37,37,15,MILES,1
Mile38,38,15,MILES,1
Mile39,39,15,MILES,1
Mile40,40,15,MILES,1
Mile41,41,15,MILES,1
Mile42,42,15,MILES,1
Mile43,43,15,MILES,1
Mile44,44,15,MILES,1
Mile45,45,15,MILES,1
Mile46,46,15,MILES,1
Mile47,47,15,MILES,1
Mile48,48,15,MILES,1
Mile49,49,15,MILES,1
Mile50,50,15,MILES,1
Mile51,51,15,MILES,1
Mile52,52,15,MILES,1
Mile53,53,15,MILES,1
Mile54,54,15,MILES,1
Mile55,55,15,MILES,1
Mile56,56,15,MILES,1
Mile57,57,15,MILES,1
Mile58,58,15,MILES,1
Mile59,59,15,MILES,1
Mile60,60,15,MILES,1
Mile61,61,15,MILES,1
Mile62,62,15,MILES,1
Mile63,63,15,MILES,1
Mile64,64,15,MILES,1
Mile65,65,15,MILES,1
Mile66,66,15,MILES,1
Mile67,67,15,MILES,1
Mile68,68,15,MILES,1
Mile69,69,15,MILES,1
Mile70,70,15,MILES,1
Mile71,71,15,MILES,1
Mile72,72,15,MILES,1
Mile73,73,15,MILES,1
Mile74,74,15,MILES,1
Mile75,75,15,MILES,1
Mile76,76,15,MILES,1
Mile77,77,15,MILES,1
Mile78,78,15,MILES,1
Mile79,79,15,MILES,1
Mile80,80,15,MILES,1
Mile81,81,15,MILES,1
Mile82,82,15,MILES,1
Mile83,83,15,MILES,1
Mile84,84,15,MILES,1
Mile85,85,15,MILES,1
Mile86,86,15,MILES,1
Mile87,87,15,MILES,1
Mile88,88,15,MILES,1
Mile89,89,15,MILES,1
Mile90,90,15,MILES,1
Mile91,91,15,MILES,1
Mile92,92,15,MILES,1
Mile93,93,15,MILES,1
Mile94,94,15,MILES,1
Mile95,95,15,MILES,1
Mile96,96,15,MILES,1
Mile97,97,15,MILES,1
Mile98,98,15,MILES,1
Mile99,99,15,MILES,1
Mile100,100,15,MILES,1
Mile101,101,15,MILES,1
Mile102,102,15,MILES,1
Mile103,103,15,MILES,1
Mile104,104,15,MILES,1
Mile105,105,15,MILES,1
Mile106,106,15,MILES,1
Mile107,107,15,MILES,1
Mile108,108,15,MILES,1
Mile109,109,15,MILES,1
Mile110,110,15,MILES,1
Mile111,111,15,MILES,1
Mile112,112,15,MILES,1
Mile113,113,15,MILES,1
Mile114,114,15,MILES,1
Mile115,115,15,MILES,1
Mile116,116,15,MILES,1
Mile117,117,15,MILES,1
Mile118,118,15,MILES,1
Mile119,119,15,MILES,1
Mile120,120,15,MILES,1
Mile121,121,15,MILES,1
Mile122,122,15,MILES,1
Mile123,123,15,MILES,1
Mile124,124,15,MILES,1
Mile125,125,15,MILES,1
Mile126,126,15,MILES,1
Mile127,127,15,MILES,1
Mile128,128,15,MILES,1
Mile129,129,15,MILES,1
Mile130,130,15,MILES,1
Mile131,131,15,MILES,1
Mile132,132,15,MILES,1
Mile133,133,15,MILES,1
Mile134,134,15,MILES,1
Mile135,135,15,MILES,1
Mile136,136,15,MILES,1
Mile137,137,15,MILES,1
Mile138,138,15,MILES,1
Mile139,139,15,MILES,1
Mile140,140,15,MILES,1
Mile141,141,15,MILES,1
Mile142,142,15,MILES,1
Mile143,143,15,MILES,1
Mile144,144,15,MILES,1
Mile145,145,15,MILES,1
Mile146,146,15,MILES,1
Mile147,147,15,MILES,1
Mile148,148,15,MILES,1
Mile149,149,15,MILES,1
Mile150,150,15,MILES,1
Mile151,151,15,MILES,1
Mile152,152,15,MILES,1
Mile153,153,15,MILES,1
Mile154,154,15,MILES,1
Mile155,155,15,MILES,1
Mile156,156,15,MILES,1
Mile157,157,15,MILES,1
Mile158,158,15,MILES,1
Mile159,159,15,MILES,1
Mile160,160,15,MILES,1
Mile161,161,15,MILES,1
Mile162,162,15,MILES,1
Mile163,163,15,MILES,1
Mile164,164,15,MILES,1
Mile165,165,15,MILES,1
Mile166,166,15,MILES,1
Mile167,167,15,MILES,1
Mile168,168,15,MILES,1
Mile169,169,15,MILES,1
Mile170,170,15,MILES,1
Mile171,171,15,MILES,1
Mile172,172,15,MILES,1
Mile173,173,15,MILES,1
Mile174,174,15,MILES,1
Mile175,175,15,MILES,1
Mile176,176,15,MILES,1
Mile177,177,15,MILES,1
Mile178,178,15,MILES,1
Mile179,179,15,MILES,1
Mile180,180,15,MILES,1
Mile181,181,15,MILES,1
Mile182,182,15,MILES,1
Mile183,183,15,MILES,1
Mile184,184,15,MILES,1
Mile185,185,15,MILES,1
Mile186,186,15,MILES,1
Mile187,187,15,MILES,1
Mile188,188,15,MILES,1
Mile189,189,15,MILES,1
Mile190,190,15,MILES,1
Mile191,191,15,MILES,1
Mile192,192,15,MILES,1
Mile193,193,15,MILES,1
Mile194,194,15,MILES,1
Mile195,195,15,MILES,1
Mile196,196,15,MILES,1
Mile197,197,15,MILES,1
Mile198,198,15,MILES,1
Mile199,199,15,MILES,1
Mile200,200,15,MILES,1
Mile201,201,15,MILES,1
Mile202,202,15,MILES,1
Mile203,203,15,MILES,1
Mile204,204,15,MILES,1
Mile205,205,15,MILES,1
Mile206,206,15,MILES,1
Mile207,207,15,MILES,1
Mile208,208,15,MILES,1
Mile209,209,15,MILES,1
Mile210,210,15,MILES,1
Mile211,211,15,MILES,1
Mile212,212,15,MILES,1
Mile213,213,15,MILES,1
Mile214,214,15,MILES,1
Mile215,215,15,MILES,1
Mile216,216,15,MILES,1
Mile217,217,15,MILES,1
Mile218,218,15,MILES,1
Mile219,219,15,MILES,1
Mile220,220,15,MILES,1
Mile221,221,15,MILES,1
Mile222,222,15,MILES,1
Mile223,223,15,MILES,1
Mile224,224,15,MILES,1
Mile225,225,15,MILES,1
Mile226,226,15,MILES,1
Mile227,227,15,MILES,1
Mile228,228,15,MILES,1
Mile229,229,15,MILES,1
Mile230,230,15,MILES,1
Mile231,231,15,MILES,1
Mile232,232,15,MILES,1
Mile233,233,15,MILES,1
Mile234,234,15,MILES,1
Mile235,235,15,MILES,1
Mile236,236,15,MILES,1
Mile237,237,15,MILES,1
Mile238,238,15,MILES,1
Mile239,239,15,MILES,1
Mile240,240,15,MILES,1
Mile241,241,15,MILES,1
Mile242,242,15,MILES,1
Mile243,243,15,MILES,1
Mile244,244,15,MILES,1
Mile245,245,15,MILES,1
Mile246,246,15,MILES,1
Mile247,247,15,MILES,1
Mile248,248,15,MILES,1
Mile249,249,15,MILES,1
Mile250,250,15,MILES,1
Mile251,251,15,MILES,1
Mile252,252,15,MILES,1
Mile253,253,15,MILES,1
Mile254,254,15,MILES,1
Mile255,255,15,MILES,1
Mile256,256,15,MILES,1
Mile257,257,15,MILES,1
Mile258,258,15,MILES,1
Mile259,259,15,MILES,1
Mile260,260,15,MILES,1
Mile261,261,15,MILES,1
Mile262,262,15,MILES,1
Mile263,263,15,MILES,1
Mile264,264,15,MILES,1
Mile265,265,15,MILES,1
Mile266,266,15,MILES,1
Mile267,267,15,MILES,1
Mile268,268,15,MILES,1
Mile269,269,15,MILES,1
Mile270,270,15,MILES,1
Mile271,271,15,MILES,1
Mile272,272,15,MILES,1
Mile273,273,15,MILES,1
Mile274,274,15,MILES,1
Mile275,275,15,MILES,1
Mile276,276,15,MILES,1
Mile277,277,15,MILES,1
Mile278,278,15,MILES,1
Mile279,279,15,MILES,1
Mile280,280,15,MILES,1
Mile281,281,15,MILES,1
Mile282,282,15,MILES,1
Mile283,283,15,MILES,1
Mile284,284,15,MILES,1
Mile285,285,15,MILES,1
Mile286,286,15,MILES,1
Mile287,287,15,MILES,1
Mile288,288,15,MILES,1
Mile289,289,15,MILES,1
Mile290,290,15,MILES,1
Mile291,291,15,MILES,1
Mile292,292,15,MILES,1
Mile293,293,15,MILES,1
Mile294,294,15,MILES,1
Mile295,295,15,MILES,1
Mile296,296,15,MILES,1
Mile297,297,15,MILES,1
Mile298,298,15,MILES,1
Mile299,299,15,MILES,1
Mile300,300,15,MILES,1
Mile301,301,15,MILES,1
Mile302,302,15,MILES,1
Mile303,303,15,MILES,1
Mile304,304,15,MILES,1
Mile305,305,15,MILES,1
Mile306,306,15,MILES,1
Mile307,307,15,MILES,1
Mile308,308,15,MILES,1
Mile309,309,15,MILES,1
Mile310,310,15,MILES,1
Mile311,311,15,MILES,1
Mile312,312,15,MILES,1
Mile313,313,15,MILES,1
Mile314,314,15,MILES,1
Mile315,315,15,MILES,1
Mile316,316,15,MILES,1
Mile317,317,15,MILES,1
Mile318,318,15,MILES,1
Mile319,319,15,MILES,1
Mile320,320,15,MILES,1
Mile321,321,15,MILES,1
Mile322,322,15,MILES,1
Mile323,323,15,MILES,1
Mile324,324,15,MILES,1
Mile325,325,15,MILES,1
Mile326,326,15,MILES,1
Mile327,327,15,MILES,1
Mile328,328,15,MILES,1
Mile329,329,15,MILES,1
Mile330,330,15,MILES,1
Mile331,331,15,MILES,1
Mile332,332,15,MILES,1
Mile333,333,15,MILES,1
Mile334,334,15,MILES,1
Mile335,335,15,MILES,1
Mile336,336,15,MILES,1
Mile337,337,15,MILES,1
Mile338,338,15,MILES,1
Mile339,339,15,MILES,1
Mile340,340,15,MILES,1
Mile341,341,15,MILES,1
Mile342,342,15,MILES,1
Mile343,343,15,MILES,1
Mile344,344,15,MILES,1
Mile345,345,15,MILES,1
Mile346,346,15,MILES,1
Mile347,347,15,MILES,1
Mile348,348,15,MILES,1
Mile349,349,15,MILES,1
Mile350,350,15,MILES,1
Mile351,351,15,MILES,1
Mile352,352,15,MILES,1
Mile353,353,15,MILES,1
Mile354,354,15,MILES,1
Mile355,355,15,MILES,1
Mile356,356,15,MILES,1
Mile357,357,15,MILES,1
Mile358,358,15,MILES,1
Mile359,359,15,MILES,1
Mile360,360,15,MILES,1
Mile361,361,15,MILES,1
Mile362,362,15,MILES,1
Mile363,363,15,MILES,1
Mile364,364,15,MILES,1
Mile365,365,15,MILES,1
Mile366,366,15,MILES,1
Mile367,367,15,MILES,1
Mile368,368,15,MILES,1
Mile369,369,15,MILES,1
Mile370,370,15,MILES,1
Mile371,371,15,MILES,1
Mile372,372,15,MILES,1
Mile373,373,15,MILES,1
Mile374,374,15,MILES,1
Mile375,375,15,MILES,1
Mile376,376,15,MILES,1
Mile377,377,15,MILES,1
Mile378,378,15,MILES,1
Mile379,379,15,MILES,1
Mile380,380,15,MILES,1
Mile381,381,15,MILES,1
Mile382,382,15,MILES,1
Mile383,383,15,MILES,1
Mile384,384,15,MILES,1
Mile385,385,15,MILES,1
Mile386,386,15,MILES,1
Mile387,387,15,MILES,1
Mile388,388,15,MILES,1
Mile389,389,15,MILES,1
Mile390,390,15,MILES,1
Mile391,391,15,MILES,1
Mile392,392,15,MILES,1
Mile393,393,15,MILES,1
Mile394,394,15,MILES,1
Mile395,395,15,MILES,1
Mile396,396,15,MILES,1
Mile397,397,15,MILES,1
Mile398,398,15,MILES,1
Mile399,399,15,MILES,1
Mile400,400,15,MILES,1
Mile401,401,15,MILES,1
Mile402,402,15,MILES,1
Mile403,403,15,MILES,1
Mile404,404,15,MILES,1
Mile405,405,15,MILES,1
Mile406,406,15,MILES,1
Mile407,407,15,MILES,1
Mile408,408,15,MILES,1
Mile409,409,15,MILES,1
Mile410,410,15,MILES,1
Mile411,411,15,MILES,1
Mile412,412,15,MILES,1
Mile413,413,15,MILES,1
Mile414,414,15,MILES,1
Mile415,415,15,MILES,1
Mile416,416,15,MILES,1
Mile417,417,15,MILES,1
Mile418,418,15,MILES,1
Mile419,419,15,MILES,1
Mile420,420,15,MILES,1
Mile421,421,15,MILES,1
Mile422,422,15,MILES,1
Mile423,423,15,MILES,1
Mile424,424,15,MILES,1
Mile425,425,15,MILES,1
Mile426,426,15,MILES,1
Mile427,427,15,MILES,1
Mile428,428,15,MILES,1
Mile429,429,15,MILES,1
Mile430,430,15,MILES,1
Mile431,431,15,MILES,1
Mile432,432,15,MILES,1
Mile433,433,15,MILES,1
Mile434,434,15,MILES,1
Mile435,435,15,MILES,1
Mile436,436,15,MILES,1
Mile437,437,15,MILES,1
Mile438,438,15,MILES,1
Mile439,439,15,MILES,1
Mile440,440,15,MILES,1
Mile441,441,15,MILES,1
Mile442,442,15,MILES,1
Mile443,443,15,MILES,1
Mile444,444,15,MILES,1
Mile445,445,15,MILES,1
Mile446,446,15,MILES,1
Mile447,447,15,MILES,1
Mile448,448,15,MILES,1
Mile449,449,15,MILES,1
Mile450,450,15,MILES,1
Mile451,451,15,MILES,1
Mile452,452,15,MILES,1
Mile453,453,15,MILES,1
Mile454,454,15,MILES,1
Mile455,455,15,MILES,1
Mile456,456,15,MILES,1
Mile457,457,15,MILES,1
Mile458,458,15,MILES,1
Mile459,459,15,MILES,1
Mile460,460,15,MILES,1
Mile461,461,15,MILES,1
Mile462,462,15,MILES,1
Mile463,463,15,MILES,1
Mile464,464,15,MILES,1
Mile465,465,15,MILES,1
Mile466,466,15,MILES,1
Mile467,467,15,MILES,1
Mile468,468,15,MILES,1
Mile469,469,15,MILES,1
Mile470,470,15,MILES,1
Mile471,471,15,MILES,1
Mile472,472,15,MILES,1
Mile473,473,15,MILES,1
Mile474,474,15,MILES,1
Mile475,475,15,MILES,1
Mile476,476,15,MILES,1
Mile477,477,15,MILES,1
Mile478,478,15,MILES,1
Mile479,479,15,MILES,1
Mile480,480,15,MILES,1
Mile481,481,15,MILES,1
Mile482,482,15,MILES,1
Mile483,483,15,MILES,1
Mile484,484,15,MILES,1
Mile485,485,15,MILES,1
Mile486,486,15,MILES,1
Mile487,487,15,MILES,1
Mile488,488,15,MILES,1
Mile489,489,15,MILES,1
Mile490,490,15,MILES,1
Mile491,491,15,MILES,1
Mile492,492,15,MILES,1
Mile493,493,15,MILES,1
Mile494,494,15,MILES,1
Mile495,495,15,MILES,1
Mile496,496,15,MILES,1
Mile497,497,15,MILES,1
Mile498,498,15,MILES,1
Mile499,499,15,MILES,1
Mile500,500,15,MILES,1
Mile501,501,15,MILES,1
Mile502,502,15,MILES,1
Mile503,503,15,MILES,1
Mile504,504,15,MILES,1
Mile505,505,15,MILES,1
Mile506,506,15,MILES,1
Mile507,507,15,MILES,1
Mile508,508,15,MILES,1
Mile509,509,15,MILES,1
Mile510,510,15,MILES,1
Mile511,511,15,MILES,1
Mile512,512,15,MILES,1
Mile513,513,15,MILES,1
Mile514,514,15,MILES,1
Mile515,515,15,MILES,1
Mile516,516,15,MILES,1
Mile517,517,15,MILES,1
Mile518,518,15,MILES,1
Mile519,519,15,MILES,1
Mile520,520,15,MILES,1
Mile521,521,15,MILES,1
Mile522,522,15,MILES,1
Mile523,523,15,MILES,1
Mile524,524,15,MILES,1
Mile525,525,15,MILES,1
Mile526,526,15,MILES,1
Mile527,527,15,MILES,1
Mile528,528,15,MILES,1
Mile529,529,15,MILES,1
Mile530,530,15,MILES,1
Mile531,531,15,MILES,1
Mile532,532,15,MILES,1
Mile533,533,15,MILES,1
Mile534,534,15,MILES,1
Mile535,535,15,MILES,1
Mile536,536,15,MILES,1
Mile537,537,15,MILES,1
Mile538,538,15,MILES,1
Mile539,539,15,MILES,1
Mile540,540,15,MILES,1
Mile541,541,15,MILES,1
Mile542,542,15,MILES,1
Mile543,543,15,MILES,1
Mile544,544,15,MILES,1
Mile545,545,15,MILES,1
Mile546,546,15,MILES,1
Mile547,547,15,MILES,1
Mile548,548,15,MILES,1
Mile549,549,15,MILES,1
Mile550,550,15,MILES,1
Mile551,551,15,MILES,1
Mile552,552,15,MILES,1
Mile553,553,15,MILES,1
Mile554,554,15,MILES,1
Mile555,555,15,MILES,1
Mile556,556,15,MILES,1
Mile557,557,15,MILES,1
Mile558,558,15,MILES,1
Mile559,559,15,MILES,1
Mile560,560,15,MILES,1
Mile561,561,15,MILES,1
Mile562,562,15,MILES,1
Mile563,563,15,MILES,1
Mile564,564,15,MILES,1
Mile565,565,15,MILES,1
Mile566,566,15,MILES,1
Mile567,567,15,MILES,1
Mile568,568,15,MILES,1
Mile569,569,15,MILES,1
Mile570,570,15,MILES,1
Mile571,571,15,MILES,1
Mile572,572,15,MILES,1
Mile573,573,15,MILES,1
Mile574,574,15,MILES,1
Mile575,575,15,MILES,1
Mile576,576,15,MILES,1
Mile577,577,15,MILES,1
Mile578,578,15,MILES,1
Mile579,579,15,MILES,1
Mile580,580,15,MILES,1
Mile581,581,15,MILES,1
Mile582,582,15,MILES,1
Mile583,583,15,MILES,1
Mile584,584,15,MILES,1
Mile585,585,15,MILES,1
Mile586,586,15,MILES,1
Mile587,587,15,MILES,1
Mile588,588,15,MILES,1
Mile589,589,15,MILES,1
Mile590,590,15,MILES,1
Mile591,591,15,MILES,1
Mile592,592,15,MILES,1
Mile593,593,15,MILES,1
Mile594,594,15,MILES,1
Mile595,595,15,MILES,1
Mile596,596,15,MILES,1
Mile597,597,15,MILES,1
Mile598,598,15,MILES,1
Mile599,599,15,MILES,1
Mile600,600,15,MILES,1
Mile601,601,15,MILES,1
Mile602,602,15,MILES,1
Mile603,603,15,MILES,1
Mile604,604,15,MILES,1
Mile605,605,15,MILES,1
Mile606,606,15,MILES,1
Mile607,607,15,MILES,1
Mile608,608,15,MILES,1
Mile609,609,15,MILES,1
Mile610,610,15,MILES,1
Mile611,611,15,MILES,1
Mile612,612,15,MILES,1
Mile613,613,15,MILES,1
Mile614,614,15,MILES,1
Mile615,615,15,MILES,1
Mile616,616,15,MILES,1
Mile617,617,15,MILES,1
Mile618,618,15,MILES,1
Mile619,619,15,MILES,1
Mile620,620,15,MILES,1
Mile621,621,15,MILES,1
Mile622,622,15,MILES,1
Mile623,623,15,MILES,1
Mile624,624,15,MILES,1
Mile625,625,15,MILES,1
Mile626,626,15,MILES,1
Mile627,627,15,MILES,1
Mile628,628,15,MILES,1
Mile629,629,15,MILES,1
Mile630,630,15,MILES,1
Mile631,631,15,MILES,1
Mile632,632,15,MILES,1
Mile633,633,15,MILES,1
Mile634,634,15,MILES,1
Mile635,635,15,MILES,1
Mile636,636,15,MILES,1
Mile637,637,15,MILES,1
Mile638,638,15,MILES,1
Mile639,639,15,MILES,1
Mile640,640,15,MILES,1
Mile641,641,15,MILES,1
Mile642,642,15,MILES,1
Mile643,643,15,MILES,1
Mile644,644,15,MILES,1
Mile645,645,15,MILES,1
Mile646,646,15,MILES,1
Mile647,647,15,MILES,1
Mile648,648,15,MILES,1
Mile649,649,15,MILES,1
Mile650,650,15,MILES,1
Mile651,651,15,MILES,1
Mile652,652,15,MILES,1
Mile653,653,15,MILES,1
Mile654,654,15,MILES,1
Mile655,655,15,MILES,1
Mile656,656,15,MILES,1
Mile657,657,15,MILES,1
Mile658,658,15,MILES,1
Mile659,659,15,MILES,1
Mile660,660,15,MILES,1
Mile661,661,15,MILES,1
Mile662,662,15,MILES,1
Mile663,663,15,MILES,1
Mile664,664,15,MILES,1
Mile665,665,15,MILES,1
Mile666,666,15,MILES,1
Mile667,667,15,MILES,1
Mile668,668,15,MILES,1
Mile669,669,15,MILES,1
Mile670,670,15,MILES,1
Mile671,671,15,MILES,1
Mile672,672,15,MILES,1
Mile673,673,15,MILES,1
Mile674,674,15,MILES,1
Mile675,675,15,MILES,1
Mile676,676,15,MILES,1
Mile677,677,15,MILES,1
Mile678,678,15,MILES,1
Mile679,679,15,MILES,1
Mile680,680,15,MILES,1
Mile681,681,15,MILES,1
Mile682,682,15,MILES,1
Mile683,683,15,MILES,1
Mile684,684,15,MILES,1
Mile685,685,15,MILES,1
Mile686,686,15,MILES,1
Mile687,687,15,MILES,1
Mile688,688,15,MILES,1
Mile689,689,15,MILES,1
Mile690,690,15,MILES,1
Mile691,691,15,MILES,1
Mile692,692,15,MILES,1
Mile693,693,15,MILES,1
Mile694,694,15,MILES,1
Mile695,695,15,MILES,1
Mile696,696,15,MILES,1
Mile697,697,15,MILES,1
Mile698,698,15,MILES,1
Mile699,699,15,MILES,1
Mile700,700,15,MILES,1
Mile701,701,15,MILES,1
Mile702,702,15,MILES,1
Mile703,703,15,MILES,1
Mile704,704,15,MILES,1
Mile705,705,15,MILES,1
Mile706,706,15,MILES,1
Mile707,707,15,MILES,1
Mile708,708,15,MILES,1
Mile709,709,15,MILES,1
Mile710,710,15,MILES,1
Mile711,711,15,MILES,1
Mile712,712,15,MILES,1
Mile713,713,15,MILES,1
Mile714,714,15,MILES,1
Mile715,715,15,MILES,1
Mile716,716,15,MILES,1
Mile717,717,15,MILES,1
Mile718,718,15,MILES,1
Mile719,719,15,MILES,1
Mile720,720,15,MILES,1
Mile721,721,15,MILES,1
Mile722,722,15,MILES,1
Mile723,723,15,MILES,1
Mile724,724,15,MILES,1
Mile725,725,15,MILES,1
Mile726,726,15,MILES,1
Mile727,727,15,MILES,1
Mile728,728,15,MILES,1
Mile729,729,15,MILES,1
Mile730,730,15,MILES,1
Mile731,731,15,MILES,1
Mile732,732,15,MILES,1
Mile733,733,15,MILES,1
Mile734,734,15,MILES,1
Mile735,735,15,MILES,1
Mile736,736,15,MILES,1
Mile737,737,15,MILES,1
Mile738,738,15,MILES,1
Mile739,739,15,MILES,1
Mile740,740,15,MILES,1
Mile741,741,15,MILES,1
Mile742,742,15,MILES,1
Mile743,743,15,MILES,1
Mile744,744,15,MILES,1
Mile745,745,15,MILES,1
Mile746,746,15,MILES,1
Mile747,747,15,MILES,1
Mile748,748,15,MILES,1
Mile749,749,15,MILES,1
Mile750,750,15,MILES,1
Mile751,751,15,MILES,1
Mile752,752,15,MILES,1
Mile753,753,15,MILES,1
Mile754,754,15,MILES,1
Mile755,755,15,MILES,1
Mile756,756,15,MILES,1
Mile757,757,15,MILES,1
Mile758,758,15,MILES,1
Mile759,759,15,MILES,1
Mile760,760,15,MILES,1
Mile761,761,15,MILES,1
Mile762,762,15,MILES,1
Mile763,763,15,MILES,1
Mile764,764,15,MILES,1
Mile765,765,15,MILES,1
Mile766,766,15,MILES,1
Mile767,767,15,MILES,1
Mile768,768,15,MILES,1
Mile769,769,15,MILES,1
Mile770,770,15,MILES,1
Mile771,771,15,MILES,1
Mile772,772,15,MILES,1
Mile773,773,15,MILES,1
Mile774,774,15,MILES,1
Mile775,775,15,MILES,1
Mile776,776,15,MILES,1
Mile777,777,15,MILES,1
Mile778,778,15,MILES,1
Mile779,779,15,MILES,1
Mile780,780,15,MILES,1
Mile781,781,15,MILES,1
Mile782,782,15,MILES,1
Mile783,783,15,MILES,1
Mile784,784,15,MILES,1
Mile785,785,15,MILES,1
Mile786,786,15,MILES,1
Mile787,787,15,MILES,1
Mile788,788,15,MILES,1
Mile789,789,15,MILES,1
Mile790,790,15,MILES,1
Mile791,791,15,MILES,1
Mile792,792,15,MILES,1
Mile793,793,15,MILES,1
Mile794,794,15,MILES,1
Mile795,795,15,MILES,1
Mile796,796,15,MILES,1
Mile797,797,15,MILES,1
Mile798,798,15,MILES,1
Mile799,799,15,MILES,1
Mile800,800,15,MILES,1
Mile801,801,15,MILES,1
Mile802,802,15,MILES,1
Mile803,803,15,MILES,1
Mile804,804,15,MILES,1
Mile805,805,15,MILES,1
Mile806,806,15,MILES,1
Mile807,807,15,MILES,1
Mile808,808,15,MILES,1
Mile809,809,15,MILES,1
Mile810,810,15,MILES,1
Mile811,811,15,MILES,1
Mile812,812,15,MILES,1
Mile813,813,15,MILES,1
Mile814,814,15,MILES,1
Mile815,815,15,MILES,1
Mile816,816,15,MILES,1
Mile817,817,15,MILES,1
Mile818,818,15,MILES,1
Mile819,819,15,MILES,1
Mile820,820,15,MILES,1
Mile821,821,15,MILES,1
Mile822,822,15,MILES,1
Mile823,823,15,MILES,1
Mile824,824,15,MILES,1
Mile825,825,15,MILES,1
Mile826,826,15,MILES,1
Mile827,827,15,MILES,1
Mile828,828,15,MILES,1
Mile829,829,15,MILES,1
Mile830,830,15,MILES,1
Mile831,831,15,MILES,1
Mile832,832,15,MILES,1
Mile833,833,15,MILES,1
Mile834,834,15,MILES,1
Mile835,835,15,MILES,1
Mile836,836,15,MILES,1
Mile837,837,15,MILES,1
Mile838,838,15,MILES,1
Mile839,839,15,MILES,1
Mile840,840,15,MILES,1
Mile841,841,15,MILES,1
Mile842,842,15,MILES,1
Mile843,843,15,MILES,1
Mile844,844,15,MILES,1
Mile845,845,15,MILES,1
Mile846,846,15,MILES,1
Mile847,847,15,MILES,1
Mile848,848,15,MILES,1
Mile849,849,15,MILES,1
Mile850,850,15,MILES,1
Mile851,851,15,MILES,1
Mile852,852,15,MILES,1
Mile853,853,15,MILES,1
Mile854,854,15,MILES,1
Mile855,855,15,MILES,1
Mile856,856,15,MILES,1
Mile857,857,15,MILES,1
Mile858,858,15,MILES,1
Mile859,859,15,MILES,1
Mile860,860,15,MILES,1
Mile861,861,15,MILES,1
Mile862,862,15,MILES,1
Mile863,863,15,MILES,1
Mile864,864,15,MILES,1
Mile865,865,15,MILES,1
Mile866,866,15,MILES,1
Mile867,867,15,MILES,1
Mile868,868,15,MILES,1
Mile869,869,15,MILES,1
Mile870,870,15,MILES,1
Mile871,871,15,MILES,1
Mile872,872,15,MILES,1
Mile873,873,15,MILES,1
Mile874,874,15,MILES,1
Mile875,875,15,MILES,1
Mile876,876,15,MILES,1
Mile877,877,15,MILES,1
Mile878,878,15,MILES,1
Mile879,879,15,MILES,1
Mile880,880,15,MILES,1
Mile881,881,15,MILES,1
Mile882,882,15,MILES,1
Mile883,883,15,MILES,1
Mile884,884,15,MILES,1
Mile885,885,15,MILES,1
Mile886,886,15,MILES,1
Mile887,887,15,MILES,1
Mile888,888,15,MILES,1
Mile889,889,15,MILES,1
Mile890,890,15,MILES,1
Mile891,891,15,MILES,1
Mile892,892,15,MILES,1
Mile893,893,15,MILES,1
Mile894,894,15,MILES,1
Mile895,895,15,MILES,1
Mile896,896,15,MILES,1
Mile897,897,15,MILES,1
Mile898,898,15,MILES,1
Mile899,899,15,MILES,1
Mile900,900,15,MILES,1
Mile901,901,15,MILES,1
Mile902,902,15,MILES,1
Mile903,903,15,MILES,1
Mile904,904,15,MILES,1
Mile905,905,15,MILES,1
Mile906,906,15,MILES,1
Mile907,907,15,MILES,1
Mile908,908,15,MILES,1
Mile909,909,15,MILES,1
Mile910,910,15,MILES,1
Mile911,911,15,MILES,1
Mile912,912,15,MILES,1
Mile913,913,15,MILES,1
Mile914,914,15,MILES,1
Mile915,915,15,MILES,1
Mile916,916,15,MILES,1
Mile917,917,15,MILES,1
Mile918,918,15,MILES,1
Mile919,919,15,MILES,1
Mile920,920,15,MILES,1
Mile921,921,15,MILES,1
Mile922,922,15,MILES,1
Mile923,923,15,MILES,1
Mile924,924,15,MILES,1
Mile925,925,15,MILES,1
Mile926,926,15,MILES,1
Mile927,927,15,MILES,1
Mile928,928,15,MILES,1
Mile929,929,15,MILES,1
Mile930,930,15,MILES,1
Mile931,931,15,MILES,1
Mile932,932,15,MILES,1
Mile933,933,15,MILES,1
Mile934,934,15,MILES,1
Mile935,935,15,MILES,1
Mile936,936,15,MILES,1
Mile937,937,15,MILES,1
Mile938,938,15,MILES,1
Mile939,939,15,MILES,1
Mile940,940,15,MILES,1
Mile941,941,15,MILES,1
Mile942,942,15,MILES,1
Mile943,943,15,MILES,1
Mile944,944,15,MILES,1
Mile945,945,15,MILES,1
Mile946,946,15,MILES,1
Mile947,947,15,MILES,1
Mile948,948,15,MILES,1
Mile949,949,15,MILES,1
Mile950,950,15,MILES,1
Mile951,951,15,MILES,1
Mile952,952,15,MILES,1
Mile953,953,15,MILES,1
Mile954,954,15,MILES,1
Mile955,955,15,MILES,1
Mile956,956,15,MILES,1
Mile957,957,15,MILES,1
Mile958,958,15,MILES,1
Mile959,959,15,MILES,1
Mile960,960,15,MILES,1
Mile961,961,15,MILES,1
Mile962,962,15,MILES,1
Mile963,963,15,MILES,1
Mile964,964,15,MILES,1
Mile965,965,15,MILES,1
Mile966,966,15,MILES,1
Mile967,967,15,MILES,1
Mile968,968,15,MILES,1
Mile969,969,15,MILES,1
Mile970,970,15,MILES,1
Mile971,971,15,MILES,1
Mile972,972,15,MILES,1
Mile973,973,15,MILES,1
Mile974,974,15,MILES,1
Mile975,975,15,MILES,1
Mile976,976,15,MILES,1
Mile977,977,15,MILES,1
Mile978,978,15,MILES,1
Mile979,979,15,MILES,1
Mile980,980,15,MILES,1
Mile981,981,15,MILES,1
Mile982,982,15,MILES,1
Mile983,983,15,MILES,1
Mile984,984,15,MILES,1
Mile985,985,15,MILES,1
Mile986,986,15,MILES,1
Mile987,987,15,MILES,1
Mile988,988,15,MILES,1
Mile989,989,15,MILES,1
Mile990,990,15,MILES,1
Mile991,991,15,MILES,1
Mile992,992,15,MILES,1
Mile993,993,15,MILES,1
Mile994,994,15,MILES,1
Mile995,995,15,MILES,1
Mile996,996,15,MILES,1
Mile997,997,15,MILES,1
Mile998,998,15,MILES,1
Mile999,999,15,MILES,1
Mile1000,1000,15,MILES,1
Mile1001,1001,15,MILES,1
Mile1002,1002,15,MILES,1
Mile1003,1003,15,MILES,1
Mile1004,1004,15,MILES,1
Mile1005,1005,15,MILES,1
Mile1006,1006,15,MILES,1
Mile1007,1007,15,MILES,1
Mile1008,1008,15,MILES,1
Mile1009,1009,15,MILES,1
Mile1010,1010,15,MILES,1
Mile1011,1011,15,MILES,1
Mile1012,1012,15,MILES,1
Mile1013,1013,15,MILES,1
Mile1014,1014,15,MILES,1
Mile1015,1015,15,MILES,1
Mile1016,1016,15,MILES,1
Mile1017,1017,15,MILES,1
Mile1018,1018,15,MILES,1
Mile1019,1019,15,MILES,1
Mile1020,1020,15,MILES,1
Mile1021,1021,15,MILES,1
Mile1022,1022,15,MILES,1
Mile1023,1023,15,MILES,1
Mile1024,1024,15,MILES,1
Mile1025,1025,15,MILES,1
Mile1026,1026,15,MILES,1
Mile1027,1027,15,MILES,1
Mile1028,1028,15,MILES,1
Mile1029,1029,15,MILES,1
Mile1030,1030,15,MILES,1
Mile1031,1031,15,MILES,1
Mile1032,1032,15,MILES,1
Mile1033,1033,15,MILES,1
Mile1034,1034,15,MILES,1
Mile1035,1035,15,MILES,1
Mile1036,1036,15,MILES,1
Mile1037,1037,15,MILES,1
Mile1038,1038,15,MILES,1
Mile1039,1039,15,MILES,1
Mile1040,1040,15,MILES,1
Mile1041,1041,15,MILES,1
Mile1042,1042,15,MILES,1
Mile1043,1043,15,MILES,1
Mile1044,1044,15,MILES,1
Mile1045,1045,15,MILES,1
Mile1046,1046,15,MILES,1
Mile1047,1047,15,MILES,1
Mile1048,1048,15,MILES,1
Mile1049,1049,15,MILES,1
Mile1050,1050,15,MILES,1
Mile1051,1051,15,MILES,1
Mile1052,1052,15,MILES,1
Mile1053,1053,15,MILES,1
Mile1054,1054,15,MILES,1
Mile1055,1055,15,MILES,1
Mile1056,1056,15,MILES,1
Mile1057,1057,15,MILES,1
Mile1058,1058,15,MILES,1
Mile1059,1059,15,MILES,1
Mile1060,1060,15,MILES,1
Mile1061,1061,15,MILES,1
Mile1062,1062,15,MILES,1
Mile1063,1063,15,MILES,1
Mile1064,1064,15,MILES,1
Mile1065,1065,15,MILES,1
Mile1066,1066,15,MILES,1
Mile1067,1067,15,MILES,1
Mile1068,1068,15,MILES,1
Mile1069,1069,15,MILES,1
Mile1070,1070,15,MILES,1
Mile1071,1071,15,MILES,1
Mile1072,1072,15,MILES,1
Mile1073,1073,15,MILES,1
Mile1074,1074,15,MILES,1
Mile1075,1075,15,MILES,1
Mile1076,1076,15,MILES,1
Mile1077,1077,15,MILES,1
Mile1078,1078,15,MILES,1
Mile1079,1079,15,MILES,1
Mile1080,1080,15,MILES,1
Mile1081,1081,15,MILES,1
Mile1082,1082,15,MILES,1
Mile1083,1083,15,MILES,1
Mile1084,1084,15,MILES,1
Mile1085,1085,15,MILES,1
Mile1086,1086,15,MILES,1
Mile1087,1087,15,MILES,1
Mile1088,1088,15,MILES,1
Mile1089,1089,15,MILES,1
Mile1090,1090,15,MILES,1
Mile1091,1091,15,MILES,1
Mile1092,1092,15,MILES,1
Mile1093,1093,15,MILES,1
Mile1094,1094,15,MILES,1
Mile1095,1095,15,MILES,1
Mile1096,1096,15,MILES,1
Mile1097,1097,15,MILES,1
Mile1098,1098,15,MILES,1
Mile1099,1099,15,MILES,1
Mile1100,1100,15,MILES,1
Mile1101,1101,15,MILES,1
Mile1102,1102,15,MILES,1
Mile1103,1103,15,MILES,1
Mile1104,1104,15,MILES,1
Mile1105,1105,15,MILES,1
Mile1106,1106,15,MILES,1
Mile1107,1107,15,MILES,1
Mile1108,1108,15,MILES,1
Mile1109,1109,15,MILES,1
Mile1110,1110,15,MILES,1
Mile1111,1111,15,MILES,1
Mile1112,1112,15,MILES,1
Mile1113,1113,15,MILES,1
Mile1114,1114,15,MILES,1
Mile1115,1115,15,MILES,1
Mile1116,1116,15,MILES,1
Mile1117,1117,15,MILES,1
Mile1118,1118,15,MILES,1
Mile1119,1119,15,MILES,1
Mile1120,1120,15,MILES,1
Mile1121,1121,15,MILES,1
Mile1122,1122,15,MILES,1
Mile1123,1123,15,MILES,1
Mile1124,1124,15,MILES,1
Mile1125,1125,15,MILES,1
Mile1126,1126,15,MILES,1
Mile1127,1127,15,MILES,1
Mile1128,1128,15,MILES,1
Mile1129,1129,15,MILES,1
Mile1130,1130,15,MILES,1
Mile1131,1131,15,MILES,1
Mile1132,1132,15,MILES,1
Mile1133,1133,15,MILES,1
Mile1134,1134,15,MILES,1
Mile1135,1135,15,MILES,1
Mile1136,1136,15,MILES,1
Mile1137,1137,15,MILES,1
Mile1138,1138,15,MILES,1
Mile1139,1139,15,MILES,1
Mile1140,1140,15,MILES,1
Mile1141,1141,15,MILES,1
Mile1142,1142,15,MILES,1
Mile1143,1143,15,MILES,1
Mile1144,1144,15,MILES,1
Mile1145,1145,15,MILES,1
Mile1146,1146,15,MILES,1
Mile1147,1147,15,MILES,1
Mile1148,1148,15,MILES,1
Mile1149,1149,15,MILES,1
Mile1150,1150,15,MILES,1
Mile1151,1151,15,MILES,1
Mile1152,1152,15,MILES,1
Mile1153,1153,15,MILES,1
Mile1154,1154,15,MILES,1
Mile1155,1155,15,MILES,1
Mile1156,1156,15,MILES,1
Mile1157,1157,15,MILES,1
Mile1158,1158,15,MILES,1
Mile1159,1159,15,MILES,1
Mile1160,1160,15,MILES,1
Mile1161,1161,15,MILES,1
Mile1162,1162,15,MILES,1
Mile1163,1163,15,MILES,1
Mile1164,1164,15,MILES,1
Mile1165,1165,15,MILES,1
Mile1166,1166,15,MILES,1
Mile1167,1167,15,MILES,1
Mile1168,1168,15,MILES,1
Mile1169,1169,15,MILES,1
Mile1170,1170,15,MILES,1
Mile1171,1171,15,MILES,1
Mile1172,1172,15,MILES,1
Mile1173,1173,15,MILES,1
Mile1174,1174,15,MILES,1
Mile1175,1175,15,MILES,1
Mile1176,1176,15,MILES,1
Mile1177,1177,15,MILES,1
Mile1178,1178,15,MILES,1
Mile1179,1179,15,MILES,1
Mile1180,1180,15,MILES,1
Mile1181,1181,15,MILES,1
Mile1182,1182,15,MILES,1
Mile1183,1183,15,MILES,1
Mile1184,1184,15,MILES,1
Mile1185,1185,15,MILES,1
Mile1186,1186,15,MILES,1
Mile1187,1187,15,MILES,1
Mile1188,1188,15,MILES,1
Mile1189,1189,15,MILES,1
Mile1190,1190,15,MILES,1
Mile1191,1191,15,MILES,1
Mile1192,1192,15,MILES,1
Mile1193,1193,15,MILES,1
Mile1194,1194,15,MILES,1
Mile1195,1195,15,MILES,1
Mile1196,1196,15,MILES,1
Mile1197,1197,15,MILES,1
Mile1198,1198,15,MILES,1
Mile1199,1199,15,MILES,1
Mile1200,1200,15,MILES,1
Mile1201,1201,15,MILES,1
Mile1202,1202,15,MILES,1
Mile1203,1203,15,MILES,1
Mile1204,1204,15,MILES,1
Mile1205,1205,15,MILES,1
Mile1206,1206,15,MILES,1
Mile1207,1207,15,MILES,1
Mile1208,1208,15,MILES,1
Mile1209,1209,15,MILES,1
Mile1210,1210,15,MILES,1
Mile1211,1211,15,MILES,1
Mile1212,1212,15,MILES,1
Mile1213,1213,15,MILES,1
Mile1214,1214,15,MILES,1
Mile1215,1215,15,MILES,1
Mile1216,1216,15,MILES,1
Mile1217,1217,15,MILES,1
Mile1218,1218,15,MILES,1
Mile1219,1219,15,MILES,1
Mile1220,1220,15,MILES,1
Mile1221,1221,15,MILES,1
Mile1222,1222,15,MILES,1
Mile1223,1223,15,MILES,1
Mile1224,1224,15,MILES,1
Mile1225,1225,15,MILES,1
Mile1226,1226,15,MILES,1
Mile1227,1227,15,MILES,1
Mile1228,1228,15,MILES,1
Mile1229,1229,15,MILES,1
Mile1230,1230,15,MILES,1
Mile1231,1231,15,MILES,1
Mile1232,1232,15,MILES,1
Mile1233,1233,15,MILES,1
Mile1234,1234,15,MILES,1
Mile1235,1235,15,MILES,1
Mile1236,1236,15,MILES,1
Mile1237,1237,15,MILES,1
Mile1238,1238,15,MILES,1
Mile1239,1239,15,MILES,1
Mile1240,1240,15,MILES,1
Mile1241,1241,15,MILES,1
Mile1242,1242,15,MILES,1
Mile1243,1243,15,MILES,1
Mile1244,1244,15,MILES,1
Mile1245,1245,15,MILES,1
Mile1246,1246,15,MILES,1
Mile1247,1247,15,MILES,1
Mile1248,1248,15,MILES,1
Mile1249,1249,15,MILES,1
Mile1250,1250,15,MILES,1
Mile1251,1251,15,MILES,1
Mile1252,1252,15,MILES,1
Mile1253,1253,15,MILES,1
Mile1254,1254,15,MILES,1
Mile1255,1255,15,MILES,1
Mile1256,1256,15,MILES,1
Mile1257,1257,15,MILES,1
Mile1258,1258,15,MILES,1
Mile1259,1259,15,MILES,1
Mile1260,1260,15,MILES,1
Mile1261,1261,15,MILES,1
Mile1262,1262,15,MILES,1
Mile1263,1263,15,MILES,1
Mile1264,1264,15,MILES,1
Mile1265,1265,15,MILES,1
Mile1266,1266,15,MILES,1
Mile1267,1267,15,MILES,1
Mile1268,1268,15,MILES,1
Mile1269,1269,15,MILES,1
Mile1270,1270,15,MILES,1
Mile1271,1271,15,MILES,1
Mile1272,1272,15,MILES,1
Mile1273,1273,15,MILES,1
Mile1274,1274,15,MILES,1
Mile1275,1275,15,MILES,1
Mile1276,1276,15,MILES,1
Mile1277,1277,15,MILES,1
Mile1278,1278,15,MILES,1
Mile1279,1279,15,MILES,1
Mile1280,1280,15,MILES,1
Mile1281,1281,15,MILES,1
Mile1282,1282,15,MILES,1
Mile1283,1283,15,MILES,1
Mile1284,1284,15,MILES,1
Mile1285,1285,15,MILES,1
Mile1286,1286,15,MILES,1
Mile1287,1287,15,MILES,1
Mile1288,1288,15,MILES,1
Mile1289,1289,15,MILES,1
Mile1290,1290,15,MILES,1
Mile1291,1291,15,MILES,1
Mile1292,1292,15,MILES,1
Mile1293,1293,15,MILES,1
Mile1294,1294,15,MILES,1
Mile1295,1295,15,MILES,1
Mile1296,1296,15,MILES,1
Mile1297,1297,15,MILES,1
Mile1298,1298,15,MILES,1
Mile1299,1299,15,MILES,1
Mile1300,1300,15,MILES,1
Mile1301,1301,15,MILES,1
Mile1302,1302,15,MILES,1
Mile1303,1303,15,MILES,1
Mile1304,1304,15,MILES,1
Mile1305,1305,15,MILES,1
Mile1306,1306,15,MILES,1
Mile1307,1307,15,MILES,1
Mile1308,1308,15,MILES,1
Mile1309,1309,15,MILES,1
Mile1310,1310,15,MILES,1
Mile1311,1311,15,MILES,1
Mile1312,1312,15,MILES,1
Mile1313,1313,15,MILES,1
Mile1314,1314,15,MILES,1
Mile1315,1315,15,MILES,1
Mile1316,1316,15,MILES,1
Mile1317,1317,15,MILES,1
Mile1318,1318,15,MILES,1
Mile1319,1319,15,MILES,1
Mile1320,1320,15,MILES,1
Mile1321,1321,15,MILES,1
Mile1322,1322,15,MILES,1
Mile1323,1323,15,MILES,1
Mile1324,1324,15,MILES,1
Mile1325,1325,15,MILES,1
Mile1326,1326,15,MILES,1
Mile1327,1327,15,MILES,1
Mile1328,1328,15,MILES,1
Mile1329,1329,15,MILES,1
Mile1330,1330,15,MILES,1
Mile1331,1331,15,MILES,1
Mile1332,1332,15,MILES,1
Mile1333,1333,15,MILES,1
Mile1334,1334,15,MILES,1
Mile1335,1335,15,MILES,1
Mile1336,1336,15,MILES,1
Mile1337,1337,15,MILES,1
Mile1338,1338,15,MILES,1
Mile1339,1339,15,MILES,1
Mile1340,1340,15,MILES,1
Mile1341,1341,15,MILES,1
Mile1342,1342,15,MILES,1
Mile1343,1343,15,MILES,1
Mile1344,1344,15,MILES,1
Mile1345,1345,15,MILES,1
Mile1346,1346,15,MILES,1
Mile1347,1347,15,MILES,1
Mile1348,1348,15,MILES,1
Mile1349,1349,15,MILES,1
Mile1350,1350,15,MILES,1
Mile1351,1351,15,MILES,1
Mile1352,1352,15,MILES,1
Mile1353,1353,15,MILES,1
Mile1354,1354,15,MILES,1
Mile1355,1355,15,MILES,1
Mile1356,1356,15,MILES,1
Mile1357,1357,15,MILES,1
Mile1358,1358,15,MILES,1
Mile1359,1359,15,MILES,1
Mile1360,1360,15,MILES,1
Mile1361,1361,15,MILES,1
Mile1362,1362,15,MILES,1
Mile1363,1363,15,MILES,1
Mile1364,1364,15,MILES,1
Mile1365,1365,15,MILES,1
Mile1366,1366,15,MILES,1
Mile1367,1367,15,MILES,1
Mile1368,1368,15,MILES,1
Mile1369,1369,15,MILES,1
Mile1370,1370,15,MILES,1
Mile1371,1371,15,MILES,1
Mile1372,1372,15,MILES,1
Mile1373,1373,15,MILES,1
Mile1374,1374,15,MILES,1
Mile1375,1375,15,MILES,1
Mile1376,1376,15,MILES,1
Mile1377,1377,15,MILES,1
Mile1378,1378,15,MILES,1
Mile1379,1379,15,MILES,1
Mile1380,1380,15,MILES,1
Mile1381,1381,15,MILES,1
Mile1382,1382,15,MILES,1
Mile1383,1383,15,MILES,1
Mile1384,1384,15,MILES,1
Mile1385,1385,15,MILES,1
Mile1386,1386,15,MILES,1
Mile1387,1387,15,MILES,1
Mile1388,1388,15,MILES,1
Mile1389,1389,15,MILES,1
Mile1390,1390,15,MILES,1
Mile1391,1391,15,MILES,1
Mile1392,1392,15,MILES,1
Mile1393,1393,15,MILES,1
Mile1394,1394,15,MILES,1
Mile1395,1395,15,MILES,1
Mile1396,1396,15,MILES,1
Mile1397,1397,15,MILES,1
Mile1398,1398,15,MILES,1
Mile1399,1399,15,MILES,1
Mile1400,1400,15,MILES,1
Mile1401,1401,15,MILES,1
Mile1402,1402,15,MILES,1
Mile1403,1403,15,MILES,1
Mile1404,1404,15,MILES,1
Mile1405,1405,15,MILES,1
Mile1406,1406,15,MILES,1
Mile1407,1407,15,MILES,1
Mile1408,1408,15,MILES,1
Mile1409,1409,15,MILES,1
Mile1410,1410,15,MILES,1
Mile1411,1411,15,MILES,1
Mile1412,1412,15,MILES,1
Mile1413,1413,15,MILES,1
Mile1414,1414,15,MILES,1
Mile1415,1415,15,MILES,1
Mile1416,1416,15,MILES,1
Mile1417,1417,15,MILES,1
Mile1418,1418,15,MILES,1
Mile1419,1419,15,MILES,1
Mile1420,1420,15,MILES,1
Mile1421,1421,15,MILES,1
Mile1422,1422,15,MILES,1
Mile1423,1423,15,MILES,1
Mile1424,1424,15,MILES,1
Mile1425,1425,15,MILES,1
Mile1426,1426,15,MILES,1
Mile1427,1427,15,MILES,1
Mile1428,1428,15,MILES,1
Mile1429,1429,15,MILES,1
Mile1430,1430,15,MILES,1
Mile1431,1431,15,MILES,1
Mile1432,1432,15,MILES,1
Mile1433,1433,15,MILES,1
Mile1434,1434,15,MILES,1
Mile1435,1435,15,MILES,1
Mile1436,1436,15,MILES,1
Mile1437,1437,15,MILES,1
Mile1438,1438,15,MILES,1
Mile1439,1439,15,MILES,1
Mile1440,1440,15,MILES,1
Mile1441,1441,15,MILES,1
Mile1442,1442,15,MILES,1
Mile1443,1443,15,MILES,1
Mile1444,1444,15,MILES,1
Mile1445,1445,15,MILES,1
Mile1446,1446,15,MILES,1
Mile1447,1447,15,MILES,1
Mile1448,1448,15,MILES,1
Mile1449,1449,15,MILES,1
Mile1450,1450,15,MILES,1
Mile1451,1451,15,MILES,1
Mile1452,1452,15,MILES,1
Mile1453,1453,15,MILES,1
Mile1454,1454,15,MILES,1
Mile1455,1455,15,MILES,1
Mile1456,1456,15,MILES,1
Mile1457,1457,15,MILES,1
Mile1458,1458,15,MILES,1
Mile1459,1459,15,MILES,1
Mile1460,1460,15,MILES,1
Mile1461,1461,15,MILES,1
Mile1462,1462,15,MILES,1
Mile1463,1463,15,MILES,1
Mile1464,1464,15,MILES,1
Mile1465,1465,15,MILES,1
Mile1466,1466,15,MILES,1
Mile1467,1467,15,MILES,1
Mile1468,1468,15,MILES,1
Mile1469,1469,15,MILES,1
Mile1470,1470,15,MILES,1
Mile1471,1471,15,MILES,1
Mile1472,1472,15,MILES,1
Mile1473,1473,15,MILES,1
Mile1474,1474,15,MILES,1
Mile1475,1475,15,MILES,1
Mile1476,1476,15,MILES,1
Mile1477,1477,15,MILES,1
Mile1478,1478,15,MILES,1
Mile1479,1479,15,MILES,1
Mile1480,1480,15,MILES,1
Mile1481,1481,15,MILES,1
Mile1482,1482,15,MILES,1
Mile1483,1483,15,MILES,1
Mile1484,1484,15,MILES,1
Mile1485,1485,15,MILES,1
Mile1486,1486,15,MILES,1
Mile1487,1487,15,MILES,1
Mile1488,1488,15,MILES,1
Mile1489,1489,15,MILES,1
Mile1490,1490,15,MILES,1
Mile1491,1491,15,MILES,1
Mile1492,1492,15,MILES,1
Mile1493,1493,15,MILES,1
Mile1494,1494,15,MILES,1
Mile1495,1495,15,MILES,1
Mile1496,1496,15,MILES,1
Mile1497,1497,15,MILES,1
Mile1498,1498,15,MILES,1
Mile1499,1499,15,MILES,1
Mile1500,1500,15,MILES,1
Mile1501,1501,15,MILES,1
Mile1502,1502,15,MILES,1
Mile1503,1503,15,MILES,1
Mile1504,1504,15,MILES,1
Mile1505,1505,15,MILES,1
Mile1506,1506,15,MILES,1
Mile1507,1507,15,MILES,1
Mile1508,1508,15,MILES,1
Mile1509,1509,15,MILES,1
Mile1510,1510,15,MILES,1
Mile1511,1511,15,MILES,1
Mile1512,1512,15,MILES,1
Mile1513,1513,15,MILES,1
Mile1514,1514,15,MILES,1
Mile1515,1515,15,MILES,1
Mile1516,1516,15,MILES,1
Mile1517,1517,15,MILES,1
Mile1518,1518,15,MILES,1
Mile1519,1519,15,MILES,1
Mile1520,1520,15,MILES,1
Mile1521,1521,15,MILES,1
Mile1522,1522,15,MILES,1
Mile1523,1523,15,MILES,1
Mile1524,1524,15,MILES,1
Mile1525,1525,15,MILES,1
Mile1526,1526,15,MILES,1
Mile1527,1527,15,MILES,1
Mile1528,1528,15,MILES,1
Mile1529,1529,15,MILES,1
Mile1530,1530,15,MILES,1
Mile1531,1531,15,MILES,1
Mile1532,1532,15,MILES,1
Mile1533,1533,15,MILES,1
Mile1534,1534,15,MILES,1
Mile1535,1535,15,MILES,1
Mile1536,1536,15,MILES,1
Mile1537,1537,15,MILES,1
Mile1538,1538,15,MILES,1
Mile1539,1539,15,MILES,1
Mile1540,1540,15,MILES,1
Mile1541,1541,15,MILES,1
Mile1542,1542,15,MILES,1
Mile1543,1543,15,MILES,1
Mile1544,1544,15,MILES,1
Mile1545,1545,15,MILES,1
Mile1546,1546,15,MILES,1
Mile1547,1547,15,MILES,1
Mile1548,1548,15,MILES,1
Mile1549,1549,15,MILES,1
Mile1550,1550,15,MILES,1
Mile1551,1551,15,MILES,1
Mile1552,1552,15,MILES,1
Mile1553,1553,15,MILES,1
Mile1554,1554,15,MILES,1
Mile1555,1555,15,MILES,1
Mile1556,1556,15,MILES,1
Mile1557,1557,15,MILES,1
Mile1558,1558,15,MILES,1
Mile1559,1559,15,MILES,1
Mile1560,1560,15,MILES,1
Mile1561,1561,15,MILES,1
Mile1562,1562,15,MILES,1
Mile1563,1563,15,MILES,1
Mile1564,1564,15,MILES,1
Mile1565,1565,15,MILES,1
Mile1566,1566,15,MILES,1
Mile1567,1567,15,MILES,1
Mile1568,1568,15,MILES,1
Mile1569,1569,15,MILES,1
Mile1570,1570,15,MILES,1
Mile1571,1571,15,MILES,1
Mile1572,1572,15,MILES,1
Mile1573,1573,15,MILES,1
Mile1574,1574,15,MILES,1
Mile1575,1575,15,MILES,1
Mile1576,1576,15,MILES,1
Mile1577,1577,15,MILES,1
Mile1578,1578,15,MILES,1
Mile1579,1579,15,MILES,1
Mile1580,1580,15,MILES,1
Mile1581,1581,15,MILES,1
Mile1582,1582,15,MILES,1
Mile1583,1583,15,MILES,1
Mile1584,1584,15,MILES,1
Mile1585,1585,15,MILES,1
Mile1586,1586,15,MILES,1
Mile1587,1587,15,MILES,1
Mile1588,1588,15,MILES,1
Mile1589,1589,15,MILES,1
Mile1590,1590,15,MILES,1
Mile1591,1591,15,MILES,1
Mile1592,1592,15,MILES,1
Mile1593,1593,15,MILES,1
Mile1594,1594,15,MILES,1
Mile1595,1595,15,MILES,1
Mile1596,1596,15,MILES,1
Mile1597,1597,15,MILES,1
Mile1598,1598,15,MILES,1
Mile1599,1599,15,MILES,1
Mile1600,1600,15,MILES,1
Mile1601,1601,15,MILES,1
Mile1602,1602,15,MILES,1
Mile1603,1603,15,MILES,1
Mile1604,1604,15,MILES,1
Mile1605,1605,15,MILES,1
Mile1606,1606,15,MILES,1
Mile1607,1607,15,MILES,1
Mile1608,1608,15,MILES,1
Mile1609,1609,15,MILES,1
Mile1610,1610,15,MILES,1
Mile1611,1611,15,MILES,1
Mile1612,1612,15,MILES,1
Mile1613,1613,15,MILES,1
Mile1614,1614,15,MILES,1
Mile1615,1615,15,MILES,1
Mile1616,1616,15,MILES,1
Mile1617,1617,15,MILES,1
Mile1618,1618,15,MILES,1
Mile1619,1619,15,MILES,1
Mile1620,1620,15,MILES,1
Mile1621,1621,15,MILES,1
Mile1622,1622,15,MILES,1
Mile1623,1623,15,MILES,1
Mile1624,1624,15,MILES,1
Mile1625,1625,15,MILES,1
Mile1626,1626,15,MILES,1
Mile1627,1627,15,MILES,1
Mile1628,1628,15,MILES,1
Mile1629,1629,15,MILES,1
Mile1630,1630,15,MILES,1
Mile1631,1631,15,MILES,1
Mile1632,1632,15,MILES,1
Mile1633,1633,15,MILES,1
Mile1634,1634,15,MILES,1
Mile1635,1635,15,MILES,1
Mile1636,1636,15,MILES,1
Mile1637,1637,15,MILES,1
Mile1638,1638,15,MILES,1
Mile1639,1639,15,MILES,1
Mile1640,1640,15,MILES,1
Mile1641,1641,15,MILES,1
Mile1642,1642,15,MILES,1
Mile1643,1643,15,MILES,1
Mile1644,1644,15,MILES,1
Mile1645,1645,15,MILES,1
Mile1646,1646,15,MILES,1
Mile1647,1647,15,MILES,1
Mile1648,1648,15,MILES,1
Mile1649,1649,15,MILES,1
Mile1650,1650,15,MILES,1
Mile1651,1651,15,MILES,1
Mile1652,1652,15,MILES,1
Mile1653,1653,15,MILES,1
Mile1654,1654,15,MILES,1
Mile1655,1655,15,MILES,1
Mile1656,1656,15,MILES,1
Mile1657,1657,15,MILES,1
Mile1658,1658,15,MILES,1
Mile1659,1659,15,MILES,1
Mile1660,1660,15,MILES,1
Mile1661,1661,15,MILES,1
Mile1662,1662,15,MILES,1
Mile1663,1663,15,MILES,1
Mile1664,1664,15,MILES,1
Mile1665,1665,15,MILES,1
Mile1666,1666,15,MILES,1
Mile1667,1667,15,MILES,1
Mile1668,1668,15,MILES,1
Mile1669,1669,15,MILES,1
Mile1670,1670,15,MILES,1
Mile1671,1671,15,MILES,1
Mile1672,1672,15,MILES,1
Mile1673,1673,15,MILES,1
Mile1674,1674,15,MILES,1
Mile1675,1675,15,MILES,1
Mile1676,1676,15,MILES,1
Mile1677,1677,15,MILES,1
Mile1678,1678,15,MILES,1
Mile1679,1679,15,MILES,1
Mile1680,1680,15,MILES,1
Mile1681,1681,15,MILES,1
Mile1682,1682,15,MILES,1
Mile1683,1683,15,MILES,1
Mile1684,1684,15,MILES,1
Mile1685,1685,15,MILES,1
Mile1686,1686,15,MILES,1
Mile1687,1687,15,MILES,1
Mile1688,1688,15,MILES,1
Mile1689,1689,15,MILES,1
Mile1690,1690,15,MILES,1
Mile1691,1691,15,MILES,1
Mile1692,1692,15,MILES,1
Mile1693,1693,15,MILES,1
Mile1694,1694,15,MILES,1
Mile1695,1695,15,MILES,1
Mile1696,1696,15,MILES,1
Mile1697,1697,15,MILES,1
Mile1698,1698,15,MILES,1
Mile1699,1699,15,MILES,1
Mile1700,1700,15,MILES,1
Mile1701,1701,15,MILES,1
Mile1702,1702,15,MILES,1
Mile1703,1703,15,MILES,1
Mile1704,1704,15,MILES,1
Mile1705,1705,15,MILES,1
Mile1706,1706,15,MILES,1
Mile1707,1707,15,MILES,1
Mile1708,1708,15,MILES,1
Mile1709,1709,15,MILES,1
Mile1710,1710,15,MILES,1
Mile1711,1711,15,MILES,1
Mile1712,1712,15,MILES,1
Mile1713,1713,15,MILES,1
Mile1714,1714,15,MILES,1
Mile1715,1715,15,MILES,1
Mile1716,1716,15,MILES,1
Mile1717,1717,15,MILES,1
Mile1718,1718,15,MILES,1
Mile1719,1719,15,MILES,1
Mile1720,1720,15,MILES,1
Mile1721,1721,15,MILES,1
Mile1722,1722,15,MILES,1
Mile1723,1723,15,MILES,1
Mile1724,1724,15,MILES,1
Mile1725,1725,15,MILES,1
Mile1726,1726,15,MILES,1
Mile1727,1727,15,MILES,1
Mile1728,1728,15,MILES,1
Mile1729,1729,15,MILES,1
Mile1730,1730,15,MILES,1
Mile1731,1731,15,MILES,1
Mile1732,1732,15,MILES,1
Mile1733,1733,15,MILES,1
Mile1734,1734,15,MILES,1
Mile1735,1735,15,MILES,1
Mile1736,1736,15,MILES,1
Mile1737,1737,15,MILES,1
Mile1738,1738,15,MILES,1
Mile1739,1739,15,MILES,1
Mile1740,1740,15,MILES,1
Mile1741,1741,15,MILES,1
Mile1742,1742,15,MILES,1
Mile1743,1743,15,MILES,1
Mile1744,1744,15,MILES,1
Mile1745,1745,15,MILES,1
Mile1746,1746,15,MILES,1
Mile1747,1747,15,MILES,1
Mile1748,1748,15,MILES,1
Mile1749,1749,15,MILES,1
Mile1750,1750,15,MILES,1
Mile1751,1751,15,MILES,1
Mile1752,1752,15,MILES,1
Mile1753,1753,15,MILES,1
Mile1754,1754,15,MILES,1
Mile1755,1755,15,MILES,1
Mile1756,1756,15,MILES,1
Mile1757,1757,15,MILES,1
Mile1758,1758,15,MILES,1
Mile1759,1759,15,MILES,1
Mile1760,1760,15,MILES,1
Mile1761,1761,15,MILES,1
Mile1762,1762,15,MILES,1
Mile1763,1763,15,MILES,1
Mile1764,1764,15,MILES,1
Mile1765,1765,15,MILES,1
Mile1766,1766,15,MILES,1
Mile1767,1767,15,MILES,1
Mile1768,1768,15,MILES,1
Mile1769,1769,15,MILES,1
Mile1770,1770,15,MILES,1
Mile1771,1771,15,MILES,1
Mile1772,1772,15,MILES,1
Mile1773,1773,15,MILES,1
Mile1774,1774,15,MILES,1
Mile1775,1775,15,MILES,1
Mile1776,1776,15,MILES,1
Mile1777,1777,15,MILES,1
Mile1778,1778,15,MILES,1
Mile1779,1779,15,MILES,1
Mile1780,1780,15,MILES,1
Mile1781,1781,15,MILES,1
Mile1782,1782,15,MILES,1
Mile1783,1783,15,MILES,1
Mile1784,1784,15,MILES,1
Mile1785,1785,15,MILES,1
Mile1786,1786,15,MILES,1
Mile1787,1787,15,MILES,1
Mile1788,1788,15,MILES,1
Mile1789,1789,15,MILES,1
Mile1790,1790,15,MILES,1
Mile1791,1791,15,MILES,1
Mile1792,1792,15,MILES,1
Mile1793,1793,15,MILES,1
Mile1794,1794,15,MILES,1
Mile1795,1795,15,MILES,1
Mile1796,1796,15,MILES,1
Mile1797,1797,15,MILES,1
Mile1798,1798,15,MILES,1
Mile1799,1799,15,MILES,1
Mile1800,1800,15,MILES,1
Mile1801,1801,15,MILES,1
Mile1802,1802,15,MILES,1
Mile1803,1803,15,MILES,1
Mile1804,1804,15,MILES,1
Mile1805,1805,15,MILES,1
Mile1806,1806,15,MILES,1
Mile1807,1807,15,MILES,1
Mile1808,1808,15,MILES,1
Mile1809,1809,15,MILES,1
Mile1810,1810,15,MILES,1
Mile1811,1811,15,MILES,1
Mile1812,1812,15,MILES,1
Mile1813,1813,15,MILES,1
Mile1814,1814,15,MILES,1
Mile1815,1815,15,MILES,1
Mile1816,1816,15,MILES,1
Mile1817,1817,15,MILES,1
Mile1818,1818,15,MILES,1
Mile1819,1819,15,MILES,1
Mile1820,1820,15,MILES,1
Mile1821,1821,15,MILES,1
Mile1822,1822,15,MILES,1
Mile1823,1823,15,MILES,1
Mile1824,1824,15,MILES,1
Mile1825,1825,15,MILES,1
Mile1826,1826,15,MILES,1
Mile1827,1827,15,MILES,1
Mile1828,1828,15,MILES,1
Mile1829,1829,15,MILES,1
Mile1830,1830,15,MILES,1
Mile1831,1831,15,MILES,1
Mile1832,1832,15,MILES,1
Mile1833,1833,15,MILES,1
Mile1834,1834,15,MILES,1
Mile1835,1835,15,MILES,1
Mile1836,1836,15,MILES,1
Mile1837,1837,15,MILES,1
Mile1838,1838,15,MILES,1
Mile1839,1839,15,MILES,1
Mile1840,1840,15,MILES,1
Mile1841,1841,15,MILES,1
Mile1842,1842,15,MILES,1
Mile1843,1843,15,MILES,1
Mile1844,1844,15,MILES,1
Mile1845,1845,15,MILES,1
Mile1846,1846,15,MILES,1
Mile1847,1847,15,MILES,1
Mile1848,1848,15,MILES,1
Mile1849,1849,15,MILES,1
Mile1850,1850,15,MILES,1
Mile1851,1851,15,MILES,1
Mile1852,1852,15,MILES,1
Mile1853,1853,15,MILES,1
Mile1854,1854,15,MILES,1
Mile1855,1855,15,MILES,1
Mile1856,1856,15,MILES,1
Mile1857,1857,15,MILES,1
Mile1858,1858,15,MILES,1
Mile1859,1859,15,MILES,1
Mile1860,1860,15,MILES,1
Mile1861,1861,15,MILES,1
Mile1862,1862,15,MILES,1
Mile1863,1863,15,MILES,1
Mile1864,1864,15,MILES,1
Mile1865,1865,15,MILES,1
Mile1866,1866,15,MILES,1
Mile1867,1867,15,MILES,1
Mile1868,1868,15,MILES,1
Mile1869,1869,15,MILES,1
Mile1870,1870,15,MILES,1
Mile1871,1871,15,MILES,1
Mile1872,1872,15,MILES,1
Mile1873,1873,15,MILES,1
Mile1874,1874,15,MILES,1
Mile1875,1875,15,MILES,1
Mile1876,1876,15,MILES,1
Mile1877,1877,15,MILES,1
Mile1878,1878,15,MILES,1
Mile1879,1879,15,MILES,1
Mile1880,1880,15,MILES,1
Mile1881,1881,15,MILES,1
Mile1882,1882,15,MILES,1
Mile1883,1883,15,MILES,1
Mile1884,1884,15,MILES,1
Mile1885,1885,15,MILES,1
Mile1886,1886,15,MILES,1
Mile1887,1887,15,MILES,1
Mile1888,1888,15,MILES,1
Mile1889,1889,15,MILES,1
Mile1890,1890,15,MILES,1
Mile1891,1891,15,MILES,1
Mile1892,1892,15,MILES,1
Mile1893,1893,15,MILES,1
Mile1894,1894,15,MILES,1
Mile1895,1895,15,MILES,1
Mile1896,1896,15,MILES,1
Mile1897,1897,15,MILES,1
Mile1898,1898,15,MILES,1
Mile1899,1899,15,MILES,1
Mile1900,1900,15,MILES,1
Mile1901,1901,15,MILES,1
Mile1902,1902,15,MILES,1
Mile1903,1903,15,MILES,1
Mile1904,1904,15,MILES,1
Mile1905,1905,15,MILES,1
Mile1906,1906,15,MILES,1
Mile1907,1907,15,MILES,1
Mile1908,1908,15,MILES,1
Mile1909,1909,15,MILES,1
Mile1910,1910,15,MILES,1
Mile1911,1911,15,MILES,1
Mile1912,1912,15,MILES,1
Mile1913,1913,15,MILES,1
Mile1914,1914,15,MILES,1
Mile1915,1915,15,MILES,1
Mile1916,1916,15,MILES,1
Mile1917,1917,15,MILES,1
Mile1918,1918,15,MILES,1
Mile1919,1919,15,MILES,1
Mile1920,1920,15,MILES,1
Mile1921,1921,15,MILES,1
Mile1922,1922,15,MILES,1
Mile1923,1923,15,MILES,1
Mile1924,1924,15,MILES,1
Mile1925,1925,15,MILES,1
Mile1926,1926,15,MILES,1
Mile1927,1927,15,MILES,1
Mile1928,1928,15,MILES,1
Mile1929,1929,15,MILES,1
Mile1930,1930,15,MILES,1
Mile1931,1931,15,MILES,1
Mile1932,1932,15,MILES,1
Mile1933,1933,15,MILES,1
Mile1934,1934,15,MILES,1
Mile1935,1935,15,MILES,1
Mile1936,1936,15,MILES,1
Mile1937,1937,15,MILES,1
Mile1938,1938,15,MILES,1
Mile1939,1939,15,MILES,1
Mile1940,1940,15,MILES,1
Mile1941,1941,15,MILES,1
Mile1942,1942,15,MILES,1
Mile1943,1943,15,MILES,1
Mile1944,1944,15,MILES,1
Mile1945,1945,15,MILES,1
Mile1946,1946,15,MILES,1
Mile1947,1947,15,MILES,1
Mile1948,1948,15,MILES,1
Mile1949,1949,15,MILES,1
Mile1950,1950,15,MILES,1
Mile1951,1951,15,MILES,1
Mile1952,1952,15,MILES,1
Mile1953,1953,15,MILES,1
Mile1954,1954,15,MILES,1
Mile1955,1955,15,MILES,1
Mile1956,1956,15,MILES,1
Mile1957,1957,15,MILES,1
Mile1958,1958,15,MILES,1
Mile1959,1959,15,MILES,1
Mile1960,1960,15,MILES,1
Mile1961,1961,15,MILES,1
Mile1962,1962,15,MILES,1
Mile1963,1963,15,MILES,1
Mile1964,1964,15,MILES,1
Mile1965,1965,15,MILES,1
Mile1966,1966,15,MILES,1
Mile1967,1967,15,MILES,1
Mile1968,1968,15,MILES,1
Mile1969,1969,15,MILES,1
Mile1970,1970,15,MILES,1
Mile1971,1971,15,MILES,1
Mile1972,1972,15,MILES,1
Mile1973,1973,15,MILES,1
Mile1974,1974,15,MILES,1
Mile1975,1975,15,MILES,1
Mile1976,1976,15,MILES,1
Mile1977,1977,15,MILES,1
Mile1978,1978,15,MILES,1
Mile1979,1979,15,MILES,1
Mile1980,1980,15,MILES,1
Mile1981,1981,15,MILES,1
Mile1982,1982,15,MILES,1
Mile1983,1983,15,MILES,1
Mile1984,1984,15,MILES,1
Mile1985,1985,15,MILES,1
Mile1986,1986,15,MILES,1
Mile1987,1987,15,MILES,1
Mile1988,1988,15,MILES,1
Mile1989,1989,15,MILES,1
Mile1990,1990,15,MILES,1
Mile1991,1991,15,MILES,1
Mile1992,1992,15,MILES,1
Mile1993,1993,15,MILES,1
Mile1994,1994,15,MILES,1
Mile1995,1995,15,MILES,1
Mile1996,1996,15,MILES,1
Mile1997,1997,15,MILES,1
Mile1998,1998,15,MILES,1
Mile1999,1999,15,MILES,1
Mile2000,2000,15,MILES,1
Mile2001,2001,15,MILES,1
Mile2002,2002,15,MILES,1
Mile2003,2003,15,MILES,1
Mile2004,2004,15,MILES,1
Mile2005,2005,15,MILES,1
Mile2006,2006,15,MILES,1
Mile2007,2007,15,MILES,1
Mile2008,2008,15,MILES,1
Mile2009,2009,15,MILES,1
Mile2010,2010,15,MILES,1
Mile2011,2011,15,MILES,1
Mile2012,2012,15,MILES,1
Mile2013,2013,15,MILES,1
Mile2014,2014,15,MILES,1
Mile2015,2015,15,MILES,1
Mile2016,2016,15,MILES,1
Mile2017,2017,15,MILES,1
Mile2018,2018,15,MILES,1
Mile2019,2019,15,MILES,1
Mile2020,2020,15,MILES,1
Mile2021,2021,15,MILES,1
Mile2022,2022,15,MILES,1
Mile2023,2023,15,MILES,1
Mile2024,2024,15,MILES,1
Mile2025,2025,15,MILES,1
Mile2026,2026,15,MILES,1
Mile2027,2027,15,MILES,1
Mile2028,2028,15,MILES,1
Mile2029,2029,15,MILES,1
Mile2030,2030,15,MILES,1
Mile2031,2031,15,MILES,1
Mile2032,2032,15,MILES,1
Mile2033,2033,15,MILES,1
Mile2034,2034,15,MILES,1
Mile2035,2035,15,MILES,1
Mile2036,2036,15,MILES,1
Mile2037,2037,15,MILES,1
Mile2038,2038,15,MILES,1
Mile2039,2039,15,MILES,1
Mile2040,2040,15,MILES,1
Mile2041,2041,15,MILES,1
Mile2042,2042,15,MILES,1
Mile2043,2043,15,MILES,1
Mile2044,2044,15,MILES,1
Mile2045,2045,15,MILES,1
Mile2046,2046,15,MILES,1
Mile2047,2047,15,MILES,1
Mile2048,2048,15,MILES,1
Mile2049,2049,15,MILES,1
Mile2050,2050,15,MILES,1
Mile2051,2051,15,MILES,1
Mile2052,2052,15,MILES,1
Mile2053,2053,15,MILES,1
Mile2054,2054,15,MILES,1
Mile2055,2055,15,MILES,1
Mile2056,2056,15,MILES,1
Mile2057,2057,15,MILES,1
Mile2058,2058,15,MILES,1
Mile2059,2059,15,MILES,1
Mile2060,2060,15,MILES,1
Mile2061,2061,15,MILES,1
Mile2062,2062,15,MILES,1
Mile2063,2063,15,MILES,1
Mile2064,2064,15,MILES,1
Mile2065,2065,15,MILES,1
Mile2066,2066,15,MILES,1
Mile2067,2067,15,MILES,1
Mile2068,2068,15,MILES,1
Mile2069,2069,15,MILES,1
Mile2070,2070,15,MILES,1
Mile2071,2071,15,MILES,1
Mile2072,2072,15,MILES,1
Mile2073,2073,15,MILES,1
Mile2074,2074,15,MILES,1
Mile2075,2075,15,MILES,1
Mile2076,2076,15,MILES,1
Mile2077,2077,15,MILES,1
Mile2078,2078,15,MILES,1
Mile2079,2079,15,MILES,1
Mile2080,2080,15,MILES,1
Mile2081,2081,15,MILES,1
Mile2082,2082,15,MILES,1
Mile2083,2083,15,MILES,1
Mile2084,2084,15,MILES,1
Mile2085,2085,15,MILES,1
Mile2086,2086,15,MILES,1
Mile2087,2087,15,MILES,1
Mile2088,2088,15,MILES,1
Mile2089,2089,15,MILES,1
Mile2090,2090,15,MILES,1
Mile2091,2091,15,MILES,1
Mile2092,2092,15,MILES,1
Mile2093,2093,15,MILES,1
Mile2094,2094,15,MILES,1
Mile2095,2095,15,MILES,1
Mile2096,2096,15,MILES,1
Mile2097,2097,15,MILES,1
Mile2098,2098,15,MILES,1
Mile2099,2099,15,MILES,1
Mile2100,2100,15,MILES,1
Mile2101,2101,15,MILES,1
Mile2102,2102,15,MILES,1
Mile2103,2103,15,MILES,1
Mile2104,2104,15,MILES,1
Mile2105,2105,15,MILES,1
Mile2106,2106,15,MILES,1
Mile2107,2107,15,MILES,1
Mile2108,2108,15,MILES,1
Mile2109,2109,15,MILES,1
Mile2110,2110,15,MILES,1
Mile2111,2111,15,MILES,1
Mile2112,2112,15,MILES,1
Mile2113,2113,15,MILES,1
Mile2114,2114,15,MILES,1
Mile2115,2115,15,MILES,1
Mile2116,2116,15,MILES,1
Mile2117,2117,15,MILES,1
Mile2118,2118,15,MILES,1
Mile2119,2119,15,MILES,1
Mile2120,2120,15,MILES,1
Mile2121,2121,15,MILES,1
Mile2122,2122,15,MILES,1
Mile2123,2123,15,MILES,1
Mile2124,2124,15,MILES,1
Mile2125,2125,15,MILES,1
Mile2126,2126,15,MILES,1
Mile2127,2127,15,MILES,1
Mile2128,2128,15,MILES,1
Mile2129,2129,15,MILES,1
Mile2130,2130,15,MILES,1
Mile2131,2131,15,MILES,1
Mile2132,2132,15,MILES,1
Mile2133,2133,15,MILES,1
Mile2134,2134,15,MILES,1
Mile2135,2135,15,MILES,1
Mile2136,2136,15,MILES,1
Mile2137,2137,15,MILES,1
Mile2138,2138,15,MILES,1
Mile2139,2139,15,MILES,1
Mile2140,2140,15,MILES,1
Mile2141,2141,15,MILES,1
Mile2142,2142,15,MILES,1
Mile2143,2143,15,MILES,1
Mile2144,2144,15,MILES,1
Mile2145,2145,15,MILES,1
Mile2146,2146,15,MILES,1
Mile2147,2147,15,MILES,1
Mile2148,2148,15,MILES,1
Mile2149,2149,15,MILES,1
Mile2150,2150,15,MILES,1
Mile2151,2151,15,MILES,1
Mile2152,2152,15,MILES,1
Mile2153,2153,15,MILES,1
Mile2154,2154,15,MILES,1
Mile2155,2155,15,MILES,1
Mile2156,2156,15,MILES,1
Mile2157,2157,15,MILES,1
Mile2158,2158,15,MILES,1
Mile2159,2159,15,MILES,1
Mile2160,2160,15,MILES,1
Mile2161,2161,15,MILES,1
Mile2162,2162,15,MILES,1
Mile2163,2163,15,MILES,1
Mile2164,2164,15,MILES,1
Mile2165,2165,15,MILES,1
Mile2166,2166,15,MILES,1
Mile2167,2167,15,MILES,1
Mile2168,2168,15,MILES,1
Mile2169,2169,15,MILES,1
Mile2170,2170,15,MILES,1
Mile2171,2171,15,MILES,1
Mile2172,2172,15,MILES,1
Mile2173,2173,15,MILES,1
Mile2174,2174,15,MILES,1
Mile2175,2175,15,MILES,1
Mile2176,2176,15,MILES,1
Mile2177,2177,15,MILES,1
Mile2178,2178,15,MILES,1
Mile2179,2179,15,MILES,1
Mile2180,2180,15,MILES,1
Mile2181,2181,15,MILES,1
Mile2182,2182,15,MILES,1
Mile2183,2183,15,MILES,1
Mile2184,2184,15,MILES,1
Mile2185,2185,15,MILES,1
Mile2186,2186,15,MILES,1
Mile2187,2187,15,MILES,1
Mile2188,2188,15,MILES,1
Mile2189,2189,15,MILES,1
Mile2190,2190,15,MILES,1
Mile2191,2191,15,MILES,1
Mile2192,2192,15,MILES,1
Mile2193,2193,15,MILES,1
Mile2194,2194,15,MILES,1
Mile2195,2195,15,MILES,1
Mile2196,2196,15,MILES,1
Mile2197,2197,15,MILES,1
Mile2198,2198,15,MILES,1
Mile2199,2199,15,MILES,1
Mile2200,2200,15,MILES,1
Mile2201,2201,15,MILES,1
Mile2202,2202,15,MILES,1
Mile2203,2203,15,MILES,1
Mile2204,2204,15,MILES,1
Mile2205,2205,15,MILES,1
Mile2206,2206,15,MILES,1
Mile2207,2207,15,MILES,1
Mile2208,2208,15,MILES,1
Mile2209,2209,15,MILES,1
Mile2210,2210,15,MILES,1
Mile2211,2211,15,MILES,1
Mile2212,2212,15,MILES,1
Mile2213,2213,15,MILES,1
Mile2214,2214,15,MILES,1
Mile2215,2215,15,MILES,1
Mile2216,2216,15,MILES,1
Mile2217,2217,15,MILES,1
Mile2218,2218,15,MILES,1
Mile2219,2219,15,MILES,1
Mile2220,2220,15,MILES,1
Mile2221,2221,15,MILES,1
Mile2222,2222,15,MILES,1
Mile2223,2223,15,MILES,1
Mile2224,2224,15,MILES,1
Mile2225,2225,15,MILES,1
Mile2226,2226,15,MILES,1
Mile2227,2227,15,MILES,1
Mile2228,2228,15,MILES,1
Mile2229,2229,15,MILES,1
Mile2230,2230,15,MILES,1
Mile2231,2231,15,MILES,1
Mile2232,2232,15,MILES,1
Mile2233,2233,15,MILES,1
Mile2234,2234,15,MILES,1
Mile2235,2235,15,MILES,1
Mile2236,2236,15,MILES,1
Mile2237,2237,15,MILES,1
Mile2238,2238,15,MILES,1
Mile2239,2239,15,MILES,1
Mile2240,2240,15,MILES,1
Mile2241,2241,15,MILES,1
Mile2242,2242,15,MILES,1
Mile2243,2243,15,MILES,1
Mile2244,2244,15,MILES,1
Mile2245,2245,15,MILES,1
Mile2246,2246,15,MILES,1
Mile2247,2247,15,MILES,1
Mile2248,2248,15,MILES,1
Mile2249,2249,15,MILES,1
Mile2250,2250,15,MILES,1
Mile2251,2251,15,MILES,1
Mile2252,2252,15,MILES,1
Mile2253,2253,15,MILES,1
Mile2254,2254,15,MILES,1
Mile2255,2255,15,MILES,1
Mile2256,2256,15,MILES,1
Mile2257,2257,15,MILES,1
Mile2258,2258,15,MILES,1
Mile2259,2259,15,MILES,1
Mile2260,2260,15,MILES,1
Mile2261,2261,15,MILES,1
Mile2262,2262,15,MILES,1
Mile2263,2263,15,MILES,1
Mile2264,2264,15,MILES,1
Mile2265,2265,15,MILES,1
Mile2266,2266,15,MILES,1
Mile2267,2267,15,MILES,1
Mile2268,2268,15,MILES,1
Mile2269,2269,15,MILES,1
Mile2270,2270,15,MILES,1
Mile2271,2271,15,MILES,1
Mile2272,2272,15,MILES,1
Mile2273,2273,15,MILES,1
Mile2274,2274,15,MILES,1
Mile2275,2275,15,MILES,1
Mile2276,2276,15,MILES,1
Mile2277,2277,15,MILES,1
Mile2278,2278,15,MILES,1
Mile2279,2279,15,MILES,1
Mile2280,2280,15,MILES,1
Mile2281,2281,15,MILES,1
Mile2282,2282,15,MILES,1
Mile2283,2283,15,MILES,1
Mile2284,2284,15,MILES,1
Mile2285,2285,15,MILES,1
Mile2286,2286,15,MILES,1
Mile2287,2287,15,MILES,1
Mile2288,2288,15,MILES,1
Mile2289,2289,15,MILES,1
Mile2290,2290,15,MILES,1
Mile2291,2291,15,MILES,1
Mile2292,2292,15,MILES,1
Mile2293,2293,15,MILES,1
Mile2294,2294,15,MILES,1
Mile2295,2295,15,MILES,1
Mile2296,2296,15,MILES,1
Mile2297,2297,15,MILES,1
Mile2298,2298,15,MILES,1
Mile2299,2299,15,MILES,1
Mile2300,2300,15,MILES,1
Mile2301,2301,15,MILES,1
Mile2302,2302,15,MILES,1
Mile2303,2303,15,MILES,1
Mile2304,2304,15,MILES,1
Mile2305,2305,15,MILES,1
Mile2306,2306,15,MILES,1
Mile2307,2307,15,MILES,1
Mile2308,2308,15,MILES,1
Mile2309,2309,15,MILES,1
Mile2310,2310,15,MILES,1
Mile2311,2311,15,MILES,1
Mile2312,2312,15,MILES,1
Mile2313,2313,15,MILES,1
Mile2314,2314,15,MILES,1
Mile2315,2315,15,MILES,1
Mile2316,2316,15,MILES,1
Mile2317,2317,15,MILES,1
Mile2318,2318,15,MILES,1
Mile2319,2319,15,MILES,1
Mile2320,2320,15,MILES,1
Mile2321,2321,15,MILES,1
Mile2322,2322,15,MILES,1
Mile2323,2323,15,MILES,1
Mile2324,2324,15,MILES,1
Mile2325,2325,15,MILES,1
Mile2326,2326,15,MILES,1
Mile2327,2327,15,MILES,1
Mile2328,2328,15,MILES,1
Mile2329,2329,15,MILES,1
Mile2330,2330,15,MILES,1
Mile2331,2331,15,MILES,1
Mile2332,2332,15,MILES,1
Mile2333,2333,15,MILES,1
Mile2334,2334,15,MILES,1
Mile2335,2335,15,MILES,1
Mile2336,2336,15,MILES,1
Mile2337,2337,15,MILES,1
Mile2338,2338,15,MILES,1
Mile2339,2339,15,MILES,1
Mile2340,2340,15,MILES,1
Mile2341,2341,15,MILES,1
Mile2342,2342,15,MILES,1
Mile2343,2343,15,MILES,1
Mile2344,2344,15,MILES,1
Mile2345,2345,15,MILES,1
Mile2346,2346,15,MILES,1
Mile2347,2347,15,MILES,1
Mile2348,2348,15,MILES,1
Mile2349,2349,15,MILES,1
Mile2350,2350,15,MILES,1
Mile2351,2351,15,MILES,1
Mile2352,2352,15,MILES,1
Mile2353,2353,15,MILES,1
Mile2354,2354,15,MILES,1
Mile2355,2355,15,MILES,1
Mile2356,2356,15,MILES,1
Mile2357,2357,15,MILES,1
Mile2358,2358,15,MILES,1
Mile2359,2359,15,MILES,1
Mile2360,2360,15,MILES,1
Mile2361,2361,15,MILES,1
Mile2362,2362,15,MILES,1
Mile2363,2363,15,MILES,1
Mile2364,2364,15,MILES,1
Mile2365,2365,15,MILES,1
Mile2366,2366,15,MILES,1
Mile2367,2367,15,MILES,1
Mile2368,2368,15,MILES,1
Mile2369,2369,15,MILES,1
Mile2370,2370,15,MILES,1
Mile2371,2371,15,MILES,1
Mile2372,2372,15,MILES,1
Mile2373,2373,15,MILES,1
Mile2374,2374,15,MILES,1
Mile2375,2375,15,MILES,1
Mile2376,2376,15,MILES,1
Mile2377,2377,15,MILES,1
Mile2378,2378,15,MILES,1
Mile2379,2379,15,MILES,1
Mile2380,2380,15,MILES,1
Mile2381,2381,15,MILES,1
Mile2382,2382,15,MILES,1
Mile2383,2383,15,MILES,1
Mile2384,2384,15,MILES,1
Mile2385,2385,15,MILES,1
Mile2386,2386,15,MILES,1
Mile2387,2387,15,MILES,1
Mile2388,2388,15,MILES,1
Mile2389,2389,15,MILES,1
Mile2390,2390,15,MILES,1
Mile2391,2391,15,MILES,1
Mile2392,2392,15,MILES,1
Mile2393,2393,15,MILES,1
Mile2394,2394,15,MILES,1
Mile2395,2395,15,MILES,1
Mile2396,2396,15,MILES,1
Mile2397,2397,15,MILES,1
Mile2398,2398,15,MILES,1
Mile2399,2399,15,MILES,1
Mile2400,2400,15,MILES,1
Mile2401,2401,15,MILES,1
Mile2402,2402,15,MILES,1
Mile2403,2403,15,MILES,1
Mile2404,2404,15,MILES,1
Mile2405,2405,15,MILES,1
Mile2406,2406,15,MILES,1
Mile2407,2407,15,MILES,1
Mile2408,2408,15,MILES,1
Mile2409,2409,15,MILES,1
Mile2410,2410,15,MILES,1
Mile2411,2411,15,MILES,1
Mile2412,2412,15,MILES,1
Mile2413,2413,15,MILES,1
Mile2414,2414,15,MILES,1
Mile2415,2415,15,MILES,1
Mile2416,2416,15,MILES,1
Mile2417,2417,15,MILES,1
Mile2418,2418,15,MILES,1
Mile2419,2419,15,MILES,1
Mile2420,2420,15,MILES,1
Mile2421,2421,15,MILES,1
Mile2422,2422,15,MILES,1
Mile2423,2423,15,MILES,1
Mile2424,2424,15,MILES,1
Mile2425,2425,15,MILES,1
Mile2426,2426,15,MILES,1
Mile2427,2427,15,MILES,1
Mile2428,2428,15,MILES,1
Mile2429,2429,15,MILES,1
Mile2430,2430,15,MILES,1
Mile2431,2431,15,MILES,1
Mile2432,2432,15,MILES,1
Mile2433,2433,15,MILES,1
Mile2434,2434,15,MILES,1
Mile2435,2435,15,MILES,1
Mile2436,2436,15,MILES,1
Mile2437,2437,15,MILES,1
Mile2438,2438,15,MILES,1
Mile2439,2439,15,MILES,1
Mile2440,2440,15,MILES,1
Mile2441,2441,15,MILES,1
Mile2442,2442,15,MILES,1
Mile2443,2443,15,MILES,1
Mile2444,2444,15,MILES,1
Mile2445,2445,15,MILES,1
Mile2446,2446,15,MILES,1
Mile2447,2447,15,MILES,1
Mile2448,2448,15,MILES,1
Mile2449,2449,15,MILES,1
Mile2450,2450,15,MILES,1
Mile2451,2451,15,MILES,1
Mile2452,2452,15,MILES,1
Mile2453,2453,15,MILES,1
Mile2454,2454,15,MILES,1
Mile2455,2455,15,MILES,1
Mile2456,2456,15,MILES,1
Mile2457,2457,15,MILES,1
Mile2458,2458,15,MILES,1
Mile2459,2459,15,MILES,1
Mile2460,2460,15,MILES,1
Mile2461,2461,15,MILES,1
Mile2462,2462,15,MILES,1
Mile2463,2463,15,MILES,1
Mile2464,2464,15,MILES,1
Mile2465,2465,15,MILES,1
Mile2466,2466,15,MILES,1
Mile2467,2467,15,MILES,1
Mile2468,2468,15,MILES,1
Mile2469,2469,15,MILES,1
Mile2470,2470,15,MILES,1
Mile2471,2471,15,MILES,1
Mile2472,2472,15,MILES,1
Mile2473,2473,15,MILES,1
Mile2474,2474,15,MILES,1
Mile2475,2475,15,MILES,1
Mile2476,2476,15,MILES,1
Mile2477,2477,15,MILES,1
Mile2478,2478,15,MILES,1
Mile2479,2479,15,MILES,1
Mile2480,2480,15,MILES,1
Mile2481,2481,15,MILES,1
Mile2482,2482,15,MILES,1
Mile2483,2483,15,MILES,1
Mile2484,2484,15,MILES,1
Mile2485,2485,15,MILES,1
Mile2486,2486,15,MILES,1
Mile2487,2487,15,MILES,1
Mile2488,2488,15,MILES,1
Mile2489,2489,15,MILES,1
Mile2490,2490,15,MILES,1
Mile2491,2491,15,MILES,1
Mile2492,2492,15,MILES,1
Mile2493,2493,15,MILES,1
Mile2494,2494,15,MILES,1
Mile2495,2495,15,MILES,1
Mile2496,2496,15,MILES,1
Mile2497,2497,15,MILES,1
Mile2498,2498,15,MILES,1
Mile2499,2499,15,MILES,1
Mile2500,2500,15,MILES,1
Mile2501,2501,15,MILES,1
Mile2502,2502,15,MILES,1
Mile2503,2503,15,MILES,1
Mile2504,2504,15,MILES,1
Mile2505,2505,15,MILES,1
Mile2506,2506,15,MILES,1
Mile2507,2507,15,MILES,1
Mile2508,2508,15,MILES,1
Mile2509,2509,15,MILES,1
Mile2510,2510,15,MILES,1
Mile2511,2511,15,MILES,1
Mile2512,2512,15,MILES,1
Mile2513,2513,15,MILES,1
Mile2514,2514,15,MILES,1
Mile2515,2515,15,MILES,1
Mile2516,2516,15,MILES,1
Mile2517,2517,15,MILES,1
Mile2518,2518,15,MILES,1
Mile2519,2519,15,MILES,1
Mile2520,2520,15,MILES,1
Mile2521,2521,15,MILES,1
Mile2522,2522,15,MILES,1
Mile2523,2523,15,MILES,1
Mile2524,2524,15,MILES,1
Mile2525,2525,15,MILES,1
Mile2526,2526,15,MILES,1
Mile2527,2527,15,MILES,1
Mile2528,2528,15,MILES,1
Mile2529,2529,15,MILES,1
Mile2530,2530,15,MILES,1
Mile2531,2531,15,MILES,1
Mile2532,2532,15,MILES,1
Mile2533,2533,15,MILES,1
Mile2534,2534,15,MILES,1
Mile2535,2535,15,MILES,1
Mile2536,2536,15,MILES,1
Mile2537,2537,15,MILES,1
Mile2538,2538,15,MILES,1
Mile2539,2539,15,MILES,1
Mile2540,2540,15,MILES,1
Mile2541,2541,15,MILES,1
Mile2542,2542,15,MILES,1
Mile2543,2543,15,MILES,1
Mile2544,2544,15,MILES,1
Mile2545,2545,15,MILES,1
Mile2546,2546,15,MILES,1
Mile2547,2547,15,MILES,1
Mile2548,2548,15,MILES,1
Mile2549,2549,15,MILES,1
Mile2550,2550,15,MILES,1
Mile2551,2551,15,MILES,1
Mile2552,2552,15,MILES,1
Mile2553,2553,15,MILES,1
Mile2554,2554,15,MILES,1
Mile2555,2555,15,MILES,1
Mile2556,2556,15,MILES,1
Mile2557,2557,15,MILES,1
Mile2558,2558,15,MILES,1
Mile2559,2559,15,MILES,1
Mile2560,2560,15,MILES,1
Mile2561,2561,15,MILES,1
Mile2562,2562,15,MILES,1
Mile2563,2563,15,MILES,1
Mile2564,2564,15,MILES,1
Mile2565,2565,15,MILES,1
Mile2566,2566,15,MILES,1
Mile2567,2567,15,MILES,1
Mile2568,2568,15,MILES,1
Mile2569,2569,15,MILES,1
Mile2570,2570,15,MILES,1
Mile2571,2571,15,MILES,1
Mile2572,2572,15,MILES,1
Mile2573,2573,15,MILES,1
Mile2574,2574,15,MILES,1
Mile2575,2575,15,MILES,1
Mile2576,2576,15,MILES,1
Mile2577,2577,15,MILES,1
Mile2578,2578,15,MILES,1
Mile2579,2579,15,MILES,1
Mile2580,2580,15,MILES,1
Mile2581,2581,15,MILES,1
Mile2582,2582,15,MILES,1
Mile2583,2583,15,MILES,1
Mile2584,2584,15,MILES,1
Mile2585,2585,15,MILES,1
Mile2586,2586,15,MILES,1
Mile2587,2587,15,MILES,1
Mile2588,2588,15,MILES,1
Mile2589,2589,15,MILES,1
Mile2590,2590,15,MILES,1
Mile2591,2591,15,MILES,1
Mile2592,2592,15,MILES,1
Mile2593,2593,15,MILES,1
Mile2594,2594,15,MILES,1
Mile2595,2595,15,MILES,1
Mile2596,2596,15,MILES,1
Mile2597,2597,15,MILES,1
Mile2598,2598,15,MILES,1
Mile2599,2599,15,MILES,1
Mile2600,2600,15,MILES,1
Mile2601,2601,15,MILES,1
Mile2602,2602,15,MILES,1
Mile2603,2603,15,MILES,1
Mile2604,2604,15,MILES,1
Mile2605,2605,15,MILES,1
Mile2606,2606,15,MILES,1
Mile2607,2607,15,MILES,1
Mile2608,2608,15,MILES,1
Mile2609,2609,15,MILES,1
Mile2610,2610,15,MILES,1
Mile2611,2611,15,MILES,1
Mile2612,2612,15,MILES,1
Mile2613,2613,15,MILES,1
Mile2614,2614,15,MILES,1
Mile2615,2615,15,MILES,1
Mile2616,2616,15,MILES,1
Mile2617,2617,15,MILES,1
Mile2618,2618,15,MILES,1
Mile2619,2619,15,MILES,1
Mile2620,2620,15,MILES,1
Mile2621,2621,15,MILES,1
Mile2622,2622,15,MILES,1
Mile2623,2623,15,MILES,1
Mile2624,2624,15,MILES,1
Mile2625,2625,15,MILES,1
Mile2626,2626,15,MILES,1
Mile2627,2627,15,MILES,1
Mile2628,2628,15,MILES,1
Mile2629,2629,15,MILES,1
Mile2630,2630,15,MILES,1
Mile2631,2631,15,MILES,1
Mile2632,2632,15,MILES,1
Mile2633,2633,15,MILES,1
Mile2634,2634,15,MILES,1
Mile2635,2635,15,MILES,1
Mile2636,2636,15,MILES,1
Mile2637,2637,15,MILES,1
Mile2638,2638,15,MILES,1
Mile2639,2639,15,MILES,1
Mile2640,2640,15,MILES,1
Mile2641,2641,15,MILES,1
Mile2642,2642,15,MILES,1
Mile2643,2643,15,MILES,1
Mile2644,2644,15,MILES,1
Mile2645,2645,15,MILES,1
Mile2646,2646,15,MILES,1
Mile2647,2647,15,MILES,1
Mile2648,2648,15,MILES,1
Mile2649,2649,15,MILES,1
Mile2650,2650,15,MILES,1
Mile2651,2651,15,MILES,1
Mile2652,2652,15,MILES,1
Mile2653,2653,15,MILES,1
Mile2654,2654,15,MILES,1
Mile2655,2655,15,MILES,1
Mile2656,2656,15,MILES,1
Mile2657,2657,15,MILES,1
Mile2658,2658,15,MILES,1
Mile2659,2659,15,MILES,1
Mile2660,2660,15,MILES,1
Mile2661,2661,15,MILES,1
Mile2662,2662,15,MILES,1
Mile2663,2663,15,MILES,1
Mile2664,2664,15,MILES,1
Mile2665,2665,15,MILES,1
Mile2666,2666,15,MILES,1
Mile2667,2667,15,MILES,1
Mile2668,2668,15,MILES,1
Mile2669,2669,15,MILES,1
Mile2670,2670,15,MILES,1
Mile2671,2671,15,MILES,1
Mile2672,2672,15,MILES,1
Mile2673,2673,15,MILES,1
Mile2674,2674,15,MILES,1
Mile2675,2675,15,MILES,1
Mile2676,2676,15,MILES,1
Mile2677,2677,15,MILES,1
Mile2678,2678,15,MILES,1
Mile2679,2679,15,MILES,1
Mile2680,2680,15,MILES,1
Mile2681,2681,15,MILES,1
Mile2682,2682,15,MILES,1
Mile2683,2683,15,MILES,1
Mile2684,2684,15,MILES,1
Mile2685,2685,15,MILES,1
Mile2686,2686,15,MILES,1
Mile2687,2687,15,MILES,1
Mile2688,2688,15,MILES,1
Mile2689,2689,15,MILES,1
Mile2690,2690,15,MILES,1
Mile2691,2691,15,MILES,1
Mile2692,2692,15,MILES,1
Mile2693,2693,15,MILES,1
Mile2694,2694,15,MILES,1
Mile2695,2695,15,MILES,1
Mile2696,2696,15,MILES,1
Mile2697,2697,15,MILES,1
Mile2698,2698,15,MILES,1
Mile2699,2699,15,MILES,1
Mile2700,2700,15,MILES,1
Mile2701,2701,15,MILES,1
Mile2702,2702,15,MILES,1
Mile2703,2703,15,MILES,1
Mile2704,2704,15,MILES,1
Mile2705,2705,15,MILES,1
Mile2706,2706,15,MILES,1
Mile2707,2707,15,MILES,1
Mile2708,2708,15,MILES,1
Mile2709,2709,15,MILES,1
Mile2710,2710,15,MILES,1
Mile2711,2711,15,MILES,1
Mile2712,2712,15,MILES,1
Mile2713,2713,15,MILES,1
Mile2714,2714,15,MILES,1
Mile2715,2715,15,MILES,1
Mile2716,2716,15,MILES,1
Mile2717,2717,15,MILES,1
Mile2718,2718,15,MILES,1
Mile2719,2719,15,MILES,1
Mile2720,2720,15,MILES,1
Mile2721,2721,15,MILES,1
Mile2722,2722,15,MILES,1
Mile2723,2723,15,MILES,1
Mile2724,2724,15,MILES,1
Mile2725,2725,15,MILES,1
Mile2726,2726,15,MILES,1
Mile2727,2727,15,MILES,1
Mile2728,2728,15,MILES,1
Mile2729,2729,15,MILES,1
Mile2730,2730,15,MILES,1
Mile2731,2731,15,MILES,1
Mile2732,2732,15,MILES,1
Mile2733,2733,15,MILES,1
Mile2734,2734,15,MILES,1
Mile2735,2735,15,MILES,1
Mile2736,2736,15,MILES,1
Mile2737,2737,15,MILES,1
Mile2738,2738,15,MILES,1
Mile2739,2739,15,MILES,1
Mile2740,2740,15,MILES,1
Mile2741,2741,15,MILES,1
Mile2742,2742,15,MILES,1
Mile2743,2743,15,MILES,1
Mile2744,2744,15,MILES,1
Mile2745,2745,15,MILES,1
Mile2746,2746,15,MILES,1
Mile2747,2747,15,MILES,1
Mile2748,2748,15,MILES,1
Mile2749,2749,15,MILES,1
Mile2750,2750,15,MILES,1
Mile2751,2751,15,MILES,1
Mile2752,2752,15,MILES,1
Mile2753,2753,15,MILES,1
Mile2754,2754,15,MILES,1
Mile2755,2755,15,MILES,1
Mile2756,2756,15,MILES,1
Mile2757,2757,15,MILES,1
Mile2758,2758,15,MILES,1
Mile2759,2759,15,MILES,1
Mile2760,2760,15,MILES,1
Mile2761,2761,15,MILES,1
Mile2762,2762,15,MILES,1
Mile2763,2763,15,MILES,1
Mile2764,2764,15,MILES,1
Mile2765,2765,15,MILES,1
Mile2766,2766,15,MILES,1
Mile2767,2767,15,MILES,1
Mile2768,2768,15,MILES,1
Mile2769,2769,15,MILES,1
Mile2770,2770,15,MILES,1
Mile2771,2771,15,MILES,1
Mile2772,2772,15,MILES,1
Mile2773,2773,15,MILES,1
Mile2774,2774,15,MILES,1
Mile2775,2775,15,MILES,1
Mile2776,2776,15,MILES,1
Mile2777,2777,15,MILES,1
Mile2778,2778,15,MILES,1
Mile2779,2779,15,MILES,1
Mile2780,2780,15,MILES,1
Mile2781,2781,15,MILES,1
Mile2782,2782,15,MILES,1
Mile2783,2783,15,MILES,1
Mile2784,2784,15,MILES,1
Mile2785,2785,15,MILES,1
Mile2786,2786,15,MILES,1
Mile2787,2787,15,MILES,1
Mile2788,2788,15,MILES,1
Mile2789,2789,15,MILES,1
Mile2790,2790,15,MILES,1
Mile2791,2791,15,MILES,1
Mile2792,2792,15,MILES,1
Mile2793,2793,15,MILES,1
Mile2794,2794,15,MILES,1
Mile2795,2795,15,MILES,1
Mile2796,2796,15,MILES,1
Mile2797,2797,15,MILES,1
Mile2798,2798,15,MILES,1
Mile2799,2799,15,MILES,1
Mile2800,2800,15,MILES,1
Mile2801,2801,15,MILES,1
Mile2802,2802,15,MILES,1
Mile2803,2803,15,MILES,1
Mile2804,2804,15,MILES,1
Mile2805,2805,15,MILES,1
Mile2806,2806,15,MILES,1
Mile2807,2807,15,MILES,1
Mile2808,2808,15,MILES,1
Mile2809,2809,15,MILES,1
Mile2810,2810,15,MILES,1
Mile2811,2811,15,MILES,1
Mile2812,2812,15,MILES,1
Mile2813,2813,15,MILES,1
Mile2814,2814,15,MILES,1
Mile2815,2815,15,MILES,1
Mile2816,2816,15,MILES,1
Mile2817,2817,15,MILES,1
Mile2818,2818,15,MILES,1
Mile2819,2819,15,MILES,1
Mile2820,2820,15,MILES,1
Mile2821,2821,15,MILES,1
Mile2822,2822,15,MILES,1
Mile2823,2823,15,MILES,1
Mile2824,2824,15,MILES,1
Mile2825,2825,15,MILES,1
Mile2826,2826,15,MILES,1
Mile2827,2827,15,MILES,1
Mile2828,2828,15,MILES,1
Mile2829,2829,15,MILES,1
Mile2830,2830,15,MILES,1
Mile2831,2831,15,MILES,1
Mile2832,2832,15,MILES,1
Mile2833,2833,15,MILES,1
Mile2834,2834,15,MILES,1
Mile2835,2835,15,MILES,1
Mile2836,2836,15,MILES,1
Mile2837,2837,15,MILES,1
Mile2838,2838,15,MILES,1
Mile2839,2839,15,MILES,1
Mile2840,2840,15,MILES,1
Mile2841,2841,15,MILES,1
Mile2842,2842,15,MILES,1
Mile2843,2843,15,MILES,1
Mile2844,2844,15,MILES,1
Mile2845,2845,15,MILES,1
Mile2846,2846,15,MILES,1
Mile2847,2847,15,MILES,1
Mile2848,2848,15,MILES,1
Mile2849,2849,15,MILES,1
Mile2850,2850,15,MILES,1
Mile2851,2851,15,MILES,1
Mile2852,2852,15,MILES,1
Mile2853,2853,15,MILES,1
Mile2854,2854,15,MILES,1
Mile2855,2855,15,MILES,1
Mile2856,2856,15,MILES,1
Mile2857,2857,15,MILES,1
Mile2858,2858,15,MILES,1
Mile2859,2859,15,MILES,1
Mile2860,2860,15,MILES,1
Mile2861,2861,15,MILES,1
Mile2862,2862,15,MILES,1
Mile2863,2863,15,MILES,1
Mile2864,2864,15,MILES,1
Mile2865,2865,15,MILES,1
Mile2866,2866,15,MILES,1
Mile2867,2867,15,MILES,1
Mile2868,2868,15,MILES,1
Mile2869,2869,15,MILES,1
Mile2870,2870,15,MILES,1
Mile2871,2871,15,MILES,1
Mile2872,2872,15,MILES,1
Mile2873,2873,15,MILES,1
Mile2874,2874,15,MILES,1
Mile2875,2875,15,MILES,1
Mile2876,2876,15,MILES,1
Mile2877,2877,15,MILES,1
Mile2878,2878,15,MILES,1
Mile2879,2879,15,MILES,1
Mile2880,2880,15,MILES,1
Mile2881,2881,15,MILES,1
Mile2882,2882,15,MILES,1
Mile2883,2883,15,MILES,1
Mile2884,2884,15,MILES,1
Mile2885,2885,15,MILES,1
Mile2886,2886,15,MILES,1
Mile2887,2887,15,MILES,1
Mile2888,2888,15,MILES,1
Mile2889,2889,15,MILES,1
Mile2890,2890,15,MILES,1
Mile2891,2891,15,MILES,1
Mile2892,2892,15,MILES,1
Mile2893,2893,15,MILES,1
Mile2894,2894,15,MILES,1
Mile2895,2895,15,MILES,1
Mile2896,2896,15,MILES,1
Mile2897,2897,15,MILES,1
Mile2898,2898,15,MILES,1
Mile2899,2899,15,MILES,1
Mile2900,2900,15,MILES,1
Mile2901,2901,15,MILES,1
Mile2902,2902,15,MILES,1
Mile2903,2903,15,MILES,1
Mile2904,2904,15,MILES,1
Mile2905,2905,15,MILES,1
Mile2906,2906,15,MILES,1
Mile2907,2907,15,MILES,1
Mile2908,2908,15,MILES,1
Mile2909,2909,15,MILES,1
Mile2910,2910,15,MILES,1
Mile2911,2911,15,MILES,1
Mile2912,2912,15,MILES,1
Mile2913,2913,15,MILES,1
Mile2914,2914,15,MILES,1
Mile2915,2915,15,MILES,1
Mile2916,2916,15,MILES,1
Mile2917,2917,15,MILES,1
Mile2918,2918,15,MILES,1
Mile2919,2919,15,MILES,1
Mile2920,2920,15,MILES,1
Mile2921,2921,15,MILES,1
Mile2922,2922,15,MILES,1
Mile2923,2923,15,MILES,1
Mile2924,2924,15,MILES,1
Mile2925,2925,15,MILES,1
Mile2926,2926,15,MILES,1
Mile2927,2927,15,MILES,1
Mile2928,2928,15,MILES,1
Mile2929,2929,15,MILES,1
Mile2930,2930,15,MILES,1
Mile2931,2931,15,MILES,1
Mile2932,2932,15,MILES,1
Mile2933,2933,15,MILES,1
Mile2934,2934,15,MILES,1
Mile2935,2935,15,MILES,1
Mile2936,2936,15,MILES,1
Mile2937,2937,15,MILES,1
Mile2938,2938,15,MILES,1
Mile2939,2939,15,MILES,1
Mile2940,2940,15,MILES,1
Mile2941,2941,15,MILES,1
Mile2942,2942,15,MILES,1
Mile2943,2943,15,MILES,1
Mile2944,2944,15,MILES,1
Mile2945,2945,15,MILES,1
Mile2946,2946,15,MILES,1
Mile2947,2947,15,MILES,1
Mile2948,2948,15,MILES,1
Mile2949,2949,15,MILES,1
Mile2950,2950,15,MILES,1
Mile2951,2951,15,MILES,1
Mile2952,2952,15,MILES,1
Mile2953,2953,15,MILES,1
Mile2954,2954,15,MILES,1
Mile2955,2955,15,MILES,1
Mile2956,2956,15,MILES,1
Mile2957,2957,15,MILES,1
Mile2958,2958,15,MILES,1
Mile2959,2959,15,MILES,1
Mile2960,2960,15,MILES,1
Mile2961,2961,15,MILES,1
Mile2962,2962,15,MILES,1
Mile2963,2963,15,MILES,1
Mile2964,2964,15,MILES,1
Mile2965,2965,15,MILES,1
Mile2966,2966,15,MILES,1
Mile2967,2967,15,MILES,1
Mile2968,2968,15,MILES,1
Mile2969,2969,15,MILES,1
Mile2970,2970,15,MILES,1
Mile2971,2971,15,MILES,1
Mile2972,2972,15,MILES,1
Mile2973,2973,15,MILES,1
Mile2974,2974,15,MILES,1
Mile2975,2975,15,MILES,1
Mile2976,2976,15,MILES,1
Mile2977,2977,15,MILES,1
Mile2978,2978,15,MILES,1
Mile2979,2979,15,MILES,1
Mile2980,2980,15,MILES,1
Mile2981,2981,15,MILES,1
Mile2982,2982,15,MILES,1
Mile2983,2983,15,MILES,1
Mile2984,2984,15,MILES,1
Mile2985,2985,15,MILES,1
Mile2986,2986,15,MILES,1
Mile2987,2987,15,MILES,1
Mile2988,2988,15,MILES,1
Mile2989,2989,15,MILES,1
Mile2990,2990,15,MILES,1
Mile2991,2991,15,MILES,1
Mile2992,2992,15,MILES,1
Mile2993,2993,15,MILES,1
Mile2994,2994,15,MILES,1
Mile2995,2995,15,MILES,1
Mile2996,2996,15,MILES,1
Mile2997,2997,15,MILES,1
Mile2998,2998,15,MILES,1
Mile2999,2999,15,MILES,1
Mile3000,3000,15,MILES,1
